J,b,dlt,p,d
0.915865828125967,-5.53626703953276,-0.0029311181407365,3.46405011520616,-0.413050977690186
0.552316834322127,-5.75361980515265,0.224589219239118,3.74672638688576,-0.844153361562638
0.959225959296807,-5.7167048640046,0.268669762949864,3.89938237994214,-0.534746653282786
0.571090550786086,-5.70966281590567,-0.0282094571165608,3.48469752949708,-0.546238825969343
0.833761777314044,-5.75523886244463,0.282740545462797,3.6225370753639,-0.324678453596502
0.957334185579276,-5.50077369612309,0.191591530560314,3.58952774877795,-0.291663404158255
0.92482738790435,-6.27180544100004,-0.0366426379846194,4.06737645443959,-1.43538870458966
0.557464544258686,-5.56015372233543,0.137903185036791,3.73195228463707,-0.946925429161145
0.73698980377979,-5.51110150898534,-0.171516238555404,3.91933270897031,-1.2900614896946
0.564221807155423,-5.57961834248828,0.247540815122953,4.24473601797041,-1.49713008022756
0.691545524368241,-5.64724655355292,-0.0422247822054709,3.70987453100869,-0.917895503900941
0.799273690195229,-5.92695757224514,0.197585867182522,4.27156407659845,-1.20076010239482
0.843047403644309,-5.50890548855065,0.145588644926093,3.47710425518395,-0.282843898036787
0.806455062328366,-5.52533945156241,-0.0206680651866505,3.34189986133722,-0.31401297715925
0.691091634943256,-5.76442748592605,0.216268770465202,3.81298394517552,-0.653252028467034
0.55856528959302,-5.54030579247948,0.245021432882345,4.28198341379616,-1.87130943881135
0.599467151391207,-5.59567493184796,0.231835171241447,4.0125413351426,-1.16326479677484
0.67371652602097,-5.75333921518203,0.11062604242444,3.55342835017566,-1.12545658168002
0.90279016380477,-5.59647563183222,0.2347967225457,3.58457360066628,-0.215951561308386
0.681222487816915,-6.47553001684223,-0.323529182175382,4.10933851464255,-1.32102082013893
0.772934940650809,-5.77010824262933,-0.289564615738625,4.11614785736092,-1.56546951799298
0.645309810426947,-5.77499356804771,-0.206462871076785,3.83790148905558,-1.3049788932369
0.861179400847943,-6.02130044548611,0.296130727249163,3.98152138314133,-0.944838578609912
0.543317156188248,-5.58622922146256,0.244590224635367,3.86372941889213,-1.06912619984747
0.195034394289962,-5.86595625736141,-0.437936042232209,3.47657228025785,-1.54038180836926
0.39269797445887,-5.69784198184584,-0.0205361150463746,4.07136163922161,-1.68191668879583
0.912556330082233,-5.54284138135621,0.00713649265029259,3.47625432828768,-0.41454235786523
0.71471872922601,-5.50656975851638,0.20432352558883,4.27154037407725,-1.28978952566588
0.621705203174417,-5.59354152973955,0.238433119929862,4.19461846675096,-1.27012795994009
0.632609046605116,-5.93056618937885,0.2146224009667,3.83166563752902,-0.77331118022032
0.958036417358518,-5.79739359464932,0.291901343085787,3.70160356628985,-1.10583481892592
0.716462368012393,-5.6417809909262,0.297384134374403,3.7712758255477,-1.21191915971833
0.573358463104682,-5.69724373325741,0.189048515994973,4.23587697803773,-1.80946965066684
0.828562471633752,-5.61901515973269,0.207501932050549,3.7051557036431,-0.482066028731851
0.617076562784048,-5.71236243887557,-0.105258786444315,3.8058840834482,-1.16144302917542
0.795577547402419,-5.85742965480906,0.230834447681401,3.92149003242776,-0.648388141601278
0.788079992749474,-5.61742835849554,0.284684250235661,3.89986517497478,-0.683600417988599
0.9858616226413,-5.64400039701845,-0.608546092959796,4.25841188015515,-2.02289686987305
0.815876203062816,-5.87012702337456,0.233056105364574,4.27653125840756,-1.16993184265847
0.723645346367891,-5.99251530760111,0.246182228188558,3.91122858649033,-0.57811575677681
0.873407747802897,-6.00555504185192,0.217412403766294,3.95758427937321,-0.865127651223243
0.972599986139824,-5.86889567296072,-0.105592269065834,3.70422174629822,-0.89273301156836
0.935757952123524,-5.51066672721847,0.24444123103692,3.97170432016382,-0.721104438418832
0.915765501441538,-5.62982018028622,0.106200486008267,3.47959620110468,-0.0730670267474775
0.650316108930132,-6.13516565517522,-0.58938765351485,3.79565684436495,-1.55440862383765
0.951330981566399,-6.00326962508221,0.277904694984099,4.02190094107342,-0.56142846767708
0.734666626758551,-5.75578497815642,-0.425098598962797,3.91896353453754,-1.64192867643977
0.68054026257861,-5.64982323886306,0.141665797436709,3.77044428498717,-0.787398074990413
0.873476318539703,-5.53191508897222,0.231065315995159,3.63070814570794,-0.345550072944264
0.919469634814036,-5.58056284385449,-0.347343476623552,3.75921676130169,-1.15567051680964
0.982005402870202,-5.89844088304711,-0.342747695722927,3.89669903430035,-1.26563168685205
0.614920447657951,-5.59617258704371,-0.391430678885818,3.74077568280346,-1.56763123376814
0.658063809265373,-5.64553486494215,-0.426588170541954,3.97384060231011,-1.78569013886595
0.992011027916516,-5.94997740249831,-0.102954992664489,4.02057380824826,-1.04516150314614
0.624433530429377,-5.63399770327482,0.178909611377616,3.6177917674865,-0.602342032351
0.888225688233809,-5.57106808084076,0.173230295588437,4.070476287919,-0.942404386616816
0.537924890991426,-5.72304459438065,0.245046566495639,4.17795095722748,-1.44893343047763
0.568129486209447,-5.62718250213452,0.236144938410938,4.08568235107638,-1.36767432530185
0.581202540243649,-5.55093008682512,-0.37360162998959,3.17731083015851,-0.644451651303305
0.789620760106668,-5.63023731477996,0.254468104969371,4.25155425762227,-1.12706685662441
0.866457850858665,-5.70963955482079,0.211320401476035,3.64001890243187,-0.351950235995085
0.859680971735395,-5.50188196630434,0.00040380068230923,3.23239395088036,-0.0473046368295368
0.895755666440548,-5.57330125815682,0.00711007663200054,4.16979482951239,-1.22744536688108
0.834242841845365,-5.50342190955242,0.0761804938733141,3.72594084778766,-0.714307884410369
0.648537426367414,-5.66337453724013,0.135991907180002,3.92667178820613,-1.05887384263695
0.56953959351413,-5.53325422917236,0.194680756399599,4.14782611520799,-1.38674134889504
0.745784441797867,-5.58907037177883,-0.0323570531850262,3.88880897276362,-1.09563499927281
0.673389059776581,-5.54082831874029,0.196917545292585,3.49391653592654,-0.432281185654657
0.801669160448858,-5.64925036015325,0.109017487638683,3.70356258166535,-1.36156847727836
0.658743662599395,-5.73909614225212,0.0918931590554038,4.25700507312909,-1.48468569985866
0.537149776891799,-5.53579009745439,0.272969025425772,4.19865692738694,-1.4173668718348
0.513983766041129,-5.50748744475891,-0.0397148083974879,3.22642370091208,-0.741340164699148
0.445721194472016,-5.62561675939983,0.261971585266553,3.78761278811489,-1.00710630132678
0.790083281536056,-6.26652714977506,0.294209338498903,4.17098715527281,-1.27396984384888
0.851215439713126,-5.9095849328955,0.282936115912202,3.85089075415243,-0.314623756158888
0.425199967875283,-5.78847590604455,0.0997498114019397,3.9313834068316,-1.2317222297675
0.707207174716801,-5.78816255541545,0.274248275226683,4.29402397576221,-1.26128529144335
0.84688194018359,-5.55661761282294,0.275324097252678,3.84563507219855,-0.58968678829484
0.689017954538886,-5.76625517422289,0.237310391464314,3.7272520567645,-0.76399824113733
0.905517325389482,-6.07174713982056,0.158498792445079,4.10412496168696,-0.816288735570702
0.837416303205698,-5.73827151342347,0.148286400388215,4.29301261691674,-1.24469934492518
0.753617277958617,-5.66335354694047,0.235354943090962,4.29782220756971,-1.22671285212099
0.943802922173538,-5.80544598421384,0.0178632665483566,3.72609488223893,-0.648134963496566
0.950387286643768,-5.62532715841138,0.263416275527062,4.15877383857884,-0.886313638271799
0.689484285844985,-5.63325506059709,0.15824307493966,4.10425393755618,-1.19006498409838
0.799695235150178,-5.8383208571445,-0.0214576427819028,3.6671070637618,-0.945113120491975
0.674284737485576,-5.66626700408951,0.257726452927415,3.58141523584426,-0.145483181767746
0.823761668975345,-5.65077805254566,0.0460137448082075,3.48675806052233,-0.327763626158357
0.810077210159286,-5.54922509491213,0.183280245182796,3.36278981148452,-0.11899217521177
0.639608107284321,-5.66065143518058,0.288263106050662,3.60888009988479,-0.356085969932368
0.636462439451605,-5.60755419434293,0.270940640517947,4.25896488675181,-1.27504095765344
0.66757114638638,-5.61890724810898,0.286801601619425,3.56341885694043,-0.798402913316327
0.994062122425038,-5.50105172169949,0.178104755915412,3.54066721610888,-0.213052398632971
0.906237082609895,-5.65755081456318,0.215382503635032,4.22339942820811,-1.04050797339908
0.825167652904205,-5.82610707690065,0.232375772988611,3.70547787637363,-0.0544180088158147
0.551123079269545,-5.94542187478089,0.21888775949003,4.2029613523599,-1.23389819542651
0.689557210429542,-5.52989027687672,-0.657808560734007,3.22203208804923,-1.20519387038675
0.785526795607095,-5.69640121126946,0.234420411372741,3.65022012778974,-0.441243222371211
0.661192943101972,-5.57024591267489,0.0546299474602367,3.3785005097326,-0.187365942628237
0.89439698459035,-5.5354825200794,0.233310266986524,4.24537439470082,-1.06895091790756
0.662613993850975,-5.52596782905975,0.171139609745145,3.85987324711053,-0.93636682406255
0.486091094867149,-6.19363579447882,0.265988707993217,4.08046333536791,-0.862883199978974
0.930130604292247,-6.15306377699689,0.184045277296569,3.97404903849728,-0.425164501388073
0.605213388900281,-5.75663698264694,-0.283664415146293,3.38896241253039,-1.75055631829579
0.577736385502655,-5.64432118831461,0.254536572304035,3.63128015934022,-0.670767916590064
0.436114796641542,-5.52305546606398,0.225046948483939,3.38718360188369,-0.514859848723363
0.625454898076866,-5.5386168633312,0.0651129711142067,3.6711382767084,-0.861011171152092
0.580607473622381,-5.54769522935533,0.111574697453606,4.1566453409737,-1.49428590433872
0.708287511195595,-5.54070643272337,0.148146404611639,3.53810628422898,-0.467815180729019
0.413233078619511,-5.94770244710782,0.135565672904417,4.20504778167557,-1.41986294659827
0.856999440367622,-5.54383693312701,-0.415125715220443,4.07188757377004,-1.61850052875982
0.795737334601545,-5.72981487343133,0.273944727222025,4.0355206612261,-0.842628965472245
0.454677808426342,-5.59290309491253,0.222946563815713,3.94970926204072,-1.44909186757374
0.538914957816193,-5.57632603007519,0.106870004463774,3.36447032832084,-0.398435340537643
0.934108581758234,-5.83971351035271,0.0331915271754108,3.63352620614505,-0.211602043360689
0.45198488104571,-5.54439248095343,-0.104949649759422,3.70175242039153,-1.35865043070227
0.830250515973974,-5.58985961046087,0.268287562741295,3.87313271336212,-0.639138743961541
0.872258358100718,-5.59228736367687,-0.198833489487198,4.2859180301446,-1.5769270573899
0.709529657992564,-5.64409410433083,0.258298132126866,4.16890450708408,-1.10414235716473
0.999142028970164,-6.23100797159149,0.285517220044254,4.27888828260412,-0.744741936241497
0.987579195264258,-5.90920040272511,0.282989808455051,4.05547126207283,-0.628557882515212
0.77468857864922,-5.68275389222726,0.192755557105272,3.50332927355238,-0.240297489846967
0.85596050241413,-5.53912700265177,0.199373925832173,4.06772386777581,-0.94014774365513
0.684210916154865,-5.63816966841121,0.0527475067281597,3.91852296000253,-1.09865568068616
0.924732311564984,-5.53862869276359,0.157333357820453,4.27335840076445,-1.15611432009429
0.909214234948712,-6.1048172627038,0.0750022443018818,3.8621486501886,-0.597965877707786
0.438941518340548,-5.68543163612088,0.21229557706149,3.7241439481413,-0.951481143779448
0.532508132489744,-5.93397761770318,0.0525288796176538,4.19551805544147,-1.40779907523584
0.60165477385673,-5.60790963269469,0.190471188924372,3.47421515796936,-0.893589355839826
0.923765980073111,-5.57762305271208,0.187390958891799,3.50716271180165,-0.187603112725574
0.572149659836149,-5.53871493762024,0.295858061979078,3.74594161401497,-0.78439136343887
0.853766012817333,-5.97576444110299,0.0370417796534636,4.14543979080707,-1.11361671641779
0.555405312565198,-5.69913153359866,-0.111849189293832,3.85505918958556,-1.66667281772022
0.432752058865202,-5.7609173655794,0.227728988008982,3.81396504819143,-1.01118654356653
0.655218201881469,-5.52833331342547,0.0359723645464837,3.29284786242325,-0.120536412005103
0.527553329740344,-5.60336565730425,0.132705468302073,3.7494399973172,-0.980422326815363
0.599409313658211,-5.5103327135514,-0.295269549079947,3.67938992001997,-1.33819179885063
0.676635592992486,-5.7497793737247,0.137458972262242,3.59792627423291,-0.301806076861238
0.526278560754682,-5.59232408178781,0.195973785898959,3.47402023835272,-0.33726898552847
0.649556255655812,-5.50009322643888,-0.0207488344254197,3.96904351722838,-1.29379242276669
0.794710518160788,-5.63960108176054,0.0750746931179401,3.5947233094104,-0.541861841171273
0.825984823404444,-5.69935626614151,0.20635602613975,4.3010286837038,-1.19516754925942
0.783762937383624,-5.79284819372774,-0.056848435175255,3.68024849941338,-1.19746665550546
0.797810732259152,-5.53071973683449,-0.0286629884194576,3.40429958827045,-0.51766656380688
0.585436073565976,-5.62298618292631,0.285937762677557,3.93348022021806,-1.04091225116627
0.683382409531756,-5.53849798127401,0.0226676301614261,3.63532324974123,-0.796351207075959
0.649266498939303,-5.52535855141425,-0.0244985557632722,4.04126001060131,-1.3751543064228
0.767948090643932,-5.68623046492349,0.175727031427992,3.49365936660379,-0.393340087435697
0.924114662337075,-5.72042311302001,0.198665781774836,3.73011516148103,-0.400198919163391
0.711717022330833,-5.5203010877324,-0.283114602963279,3.43372741810278,-0.958994635284344
0.999738317403834,-5.99318675158971,0.187535037569518,3.87000179644135,-0.24509647161153
0.875240587570478,-5.55851810618765,0.225789882140217,4.12057712025619,-0.951935281195878
0.630808682627035,-5.91095903929688,0.215137756621884,3.80994034306811,-0.625241201877194
0.64696854824205,-5.52467710483161,0.082793303519837,3.45382975653994,-0.573825267475614
0.717857718729436,-5.50672406411116,0.165817386092732,3.41124383222578,-0.314388486467448
0.761216832586151,-5.85909697534695,0.0560757781581364,4.27541330960037,-1.39218562111515
0.408480086979463,-5.56959134626109,0.153822512039594,3.69493002215796,-1.14986586795699
0.627482928838228,-5.59960935680099,0.00390863547464793,3.38293499104184,-0.28863238838029
0.719647926235708,-5.88148656461695,0.244357883579401,3.93728616713355,-0.695285811451805
0.899701173202698,-5.90939197040755,0.196477131789036,3.79120837992018,-0.23085828751779
0.691207390441987,-5.65340835986459,-0.0121622385965773,3.6861888822394,-0.848758149560954
0.71380575706027,-5.7898778554816,0.287121314587035,4.29349405033742,-1.22110393132885
0.990658309184185,-5.63673380768062,0.173012706973292,3.69471365536402,-0.383062859436532
0.613878324202669,-5.93842344436093,-0.107987451543581,3.62157184458865,-0.946056727013694
0.688908371437547,-6.06079305557314,-0.0566280807612575,4.15451108316791,-1.60596554851599
0.825930495077233,-6.10058042772112,0.134999302048628,3.95085253795037,-0.566306905888897
0.781004895476803,-5.62743743893672,-0.409610490563213,3.31172268138071,-0.65420187990275
0.930459897394082,-5.83620182543044,0.209226921136645,3.73466393420313,-0.1876200079137
0.655740348333635,-5.6039013965075,-0.0843718570286669,3.36909514986899,-0.425059695537407
0.533040154524642,-5.80019109921222,-0.246203913171395,3.50304938619382,-0.90237690657194
0.746850850271981,-6.31351431063702,-0.49947446430467,3.90103774323262,-1.3497297988097
0.997374365640562,-5.84569559847494,0.228704866051947,4.2186287284829,-0.927893085091145
0.820106876916837,-5.78962682642489,0.17138952608305,4.01253759769662,-0.908309382699069
0.867876197118304,-5.97259388683468,-0.0711349928409405,4.06058063205316,-1.12464129639915
0.740236089182315,-6.09422008650199,0.231757639492355,4.28280283270621,-1.0677877397102
0.958441455299107,-5.79850453322181,0.257439969069819,3.78231592015974,-0.359502471037478
0.543517200097887,-5.50518153749799,0.252346769053343,3.54745745701918,-0.542637453417274
0.886364633661396,-5.83349015158615,-0.0426371170101574,3.90932342582237,-0.942578258201681
0.859986339235782,-5.61659575760958,0.192517635576362,3.63577214523905,-0.371369332752732
0.453415434550269,-5.71128788292854,0.122139600496725,3.73285510964397,-1.04108712660425
0.582714746115488,-5.52801466828859,-0.27429481486171,4.04929006235498,-1.70947277814934
0.732636232839767,-5.70870810333941,-0.00376300806292563,3.83103507251475,-0.965706670758856
0.796290201893196,-5.51998945346401,-0.0429396704627342,3.38567960247871,-0.521833831399334
0.801601687307808,-5.89243825027371,0.0633656892995411,4.15170019516296,-1.179344950899
0.753638316836088,-5.90487591099183,0.237190599521793,3.8004281224945,-0.274926005117497
0.865249378511759,-5.8804755939754,0.16143495491855,4.16816122234097,-1.06059225510063
0.935977038383172,-6.06744964452088,0.224873813499382,4.02128573376979,-0.92946655901292
0.50839440160929,-5.57183303764929,-0.183929446430117,3.95430693980199,-1.93417308690665
0.726219236763587,-5.62187892662118,0.214832751165569,3.55501454958134,-0.431956839302019
0.757515191324546,-6.2217500469032,0.256093166136016,4.1308415171757,-0.664564062384833
0.850523274668861,-5.74763707842473,0.135810018849358,4.2597775095448,-1.21270020915028
0.563129047895152,-5.50867842111917,0.195473686371826,3.84782999059529,-1.09640644597424
0.716000856913819,-5.56230466801986,0.0370238920220262,4.03351037233878,-1.21912519425061
0.509034316875402,-5.8179856873598,0.249542305567157,4.18103467327435,-1.36114115483042
0.686878003053976,-5.52409136232574,0.0144265447664822,3.44668622696015,-0.596745985515075
0.561145968341096,-6.19349631628662,0.290984084495142,4.28142102061141,-1.07687157656818
0.676782210187084,-5.62042818282175,0.08699090825435,3.82814873199748,-0.95867351637176
0.925630206221191,-5.86773777912726,0.226749896340344,3.71062174813167,-0.134884927162488
0.749075835046578,-5.73343432468835,-0.182738476876968,3.50833391456457,-0.964159444035403
0.483151743366161,-5.61037299433139,0.220363585993642,3.89761903009188,-1.23191731636096
0.977992041205914,-5.84574678180322,-0.142175997266919,3.90922699161604,-0.999358027332602
0.89836636452484,-6.16227765712101,0.272046283602069,4.15859326935264,-0.92275929004657
0.663232962093584,-5.63198402953758,-0.0260474949601337,3.72886626431188,-0.956448937971632
0.898324598256882,-6.12033611462646,0.0978874174717659,3.87482392782103,-1.01947640853489
0.711942252633763,-6.10526986328458,0.246551778367694,3.96118304450963,-0.566816782756567
0.602214713290401,-5.55398251103533,-0.122321400192422,4.26723562929678,-1.75477262264114
0.708666410523439,-5.66876097840953,0.274442009051579,4.02929745422821,-0.932728929813256
0.858361613009743,-5.97113022414562,0.083379038122451,4.22938867425595,-1.18220792393401
0.85695559520736,-5.58637208757528,-0.229876943204354,3.78167661939114,-1.09003594333351
0.921345986325773,-5.77828123012337,-0.0966009018579482,3.69160236706288,-0.779028018540759
0.8830341013203,-5.55819135103589,0.151187748560654,3.60309654487104,-0.397005740135842
0.597681533731002,-5.74464937287313,0.0490991956319819,3.82314344618952,-0.99360128863011
0.978369352297019,-6.2830655592904,0.21259933896284,4.27957504013915,-0.933633074783301
0.836965193018831,-5.84525824240936,0.172214530980893,4.09302497308467,-0.982550639616219
0.821175221999702,-5.80579548383466,0.267636961655925,3.81778813102019,-1.10135299097456
0.536037419554374,-5.53030526981846,0.297805034464615,3.68256853059357,-1.15217434079565
0.647402952193057,-5.57285530421674,0.159772465028139,3.46300873060474,-0.4377207755365
0.808137990271265,-5.60810842262646,0.193972483234006,4.13084624278605,-1.0476513433264
0.626564026138292,-5.66658681717678,-0.38313056876821,4.22449350451274,-2.02158863641099
0.701310767603482,-5.72231071164176,0.262476993269122,3.71618933892856,-0.520243799746403
0.984118253750296,-5.59347146515619,0.261595832405368,4.22010303941697,-0.937501943977177
0.564382273145329,-5.95772113422947,0.199213416537614,3.83595360844171,-0.717341201717012
0.996914607131166,-5.66320498149045,0.290616652534389,4.06330226878866,-0.701009495661531
0.6824396980787,-6.09459938754917,0.0437852252690902,4.10727995261781,-1.32546638118725
0.715819175912623,-5.72315954824961,0.132407139293079,3.61441775532489,-0.746863104682337
0.537605506754529,-5.88761991872491,0.211472704724331,3.73859366489913,-0.474980903920704
0.482204743905462,-5.52712241013911,0.106458877849652,3.56239684959859,-0.863854213973247
0.80584282118969,-5.98677935926194,0.0655747394108597,3.74505131669173,-0.532122689984323
0.447827634322218,-5.72335203642183,0.289281595219261,4.02997800912522,-1.3560445842155
0.944715992177827,-5.62426332152275,0.121288193224276,3.499519811806,-0.169252715994517
0.739935407661712,-5.74608767554235,0.155002665129909,4.07986619044388,-1.10980415144859
0.986025528987055,-5.74284275076726,0.210611375467193,3.67581394171019,-0.283559117859961
0.552996258879237,-5.56807102039111,0.250613035968255,4.23367133734488,-1.728404155934
0.502445911495154,-5.50213947710728,-0.227950750342793,3.84110660981613,-1.57656697501956
0.855334007352993,-5.66757012910378,0.100701092992252,4.26631859120234,-1.25658597240608
0.886638565816181,-5.79416211395112,0.282475744971685,3.66909860969007,-0.0633751110613337
0.84501800018634,-5.68024119200964,-0.0363298540590662,3.71960530722682,-0.78103995422946
0.68590759028978,-6.06175356794392,0.0975656208773905,3.88700133762566,-0.661188853804094
0.93112711372931,-5.87009362957499,0.236813598051203,3.72464739325372,-0.0526845017590354
0.533751234292119,-5.53035714518322,0.240977743923614,3.38882296830737,-0.302979526895172
0.7339664299407,-5.59829167905811,-0.261238001752973,3.69531988543677,-1.14373549386324
0.453094286763581,-5.62458266297448,-0.0129267259473521,3.69606654544343,-1.17806459293323
0.644417878799178,-5.60672273535403,0.278069501086463,3.83977216862336,-0.799994238651138
0.603293734086592,-5.96788179269192,-0.0733290307220213,4.12579420248453,-1.39976667647606
0.952403186895061,-5.6207569237298,0.214251443757795,3.88073583359574,-0.613045154096516
0.410868685154333,-5.65645090049957,0.29676506330682,3.81315253494052,-1.08321228978646
0.428271332864105,-5.70235949057537,-0.158978356904931,4.25810059491743,-2.00505231299803
0.627537413566425,-5.56065753484947,0.254553207802836,4.29473306640226,-1.3497289311319
0.990938185333944,-5.77976215819046,-0.295725739460275,3.94547226026353,-1.22546319708134
0.808210912899105,-5.51949678841774,0.274054253192947,3.55663565903462,-1.09798476148884
0.87103976554049,-5.57743877689905,0.225010110723501,3.83748319361027,-0.61929587025866
0.822189051492107,-5.60456144025689,0.174296974563912,3.66614251891013,-0.482060833329112
0.967668245302307,-5.66832913524938,0.160424907824056,4.06007580897082,-0.871873432091062
0.56759624472758,-5.5359971464038,0.250807497414839,3.90106548044457,-1.09619555505839
0.530869022257312,-5.54503097394898,0.0912820829889267,3.54481104012174,-0.774586771364516
0.739465606814907,-5.93610697405254,0.206006306279644,4.27213273835148,-1.23285604144417
0.72650978849513,-5.98342626353767,0.177286820593854,3.9675278771194,-0.855852695027833
0.624558960356298,-5.73990639404344,0.243797371827948,3.59971476458954,-0.265208211095767
0.819724900942983,-5.73846012204037,0.0442202492253267,3.49134596675621,-0.244765320940504
0.855630004415318,-6.10311900505242,-0.725695490396448,4.11662681727914,-2.36031166234808
0.840188712880358,-5.69863287318278,0.162127210969785,3.55925805043642,-0.0616165978260622
0.785348351177188,-5.51537368044063,0.01711313478423,3.5197758101346,-0.56237840373749
0.689141182838819,-6.05808387333402,0.187899467900451,3.88184302320426,-0.592113886757138
0.734789041012008,-5.56338101565243,0.0673166129757186,3.33556058187599,-0.0690302012907048
0.963978818753432,-5.93905809059106,0.0331699697898796,3.88530149602924,-0.7626996731518
0.430051694665518,-5.53835199477315,0.171502100299098,3.66414141897693,-1.05631736810173
0.67737786865574,-5.54251880405693,0.26501824852796,3.53291383843273,-0.345901488966182
0.730263327861644,-5.52336039683868,0.29600895889793,4.03422493734752,-0.908227188723246
0.997156646142336,-5.71974338230314,0.147008233628333,4.01830137625159,-0.811113283582124
0.69625069464772,-5.6708730123795,0.239645585846648,4.18432522063782,-1.16062024998848
0.686244514058804,-5.67230033410653,-0.416491851361395,3.88839618701102,-1.63814524831227
0.695193251438292,-5.94306651203725,-0.106377511838241,3.90561684913081,-1.36128206853296
0.533369567127727,-5.78161625041981,0.103208291098824,3.61011517220791,-0.569126308980241
0.690096254502342,-5.52790020007836,0.0758130437989655,3.46330394661801,-0.524413591748318
0.533739036426912,-5.56729435336422,0.121316302281028,4.04175981161905,-1.4768636674979
0.478871184311349,-5.57695294077282,0.243102805341209,3.59857312220711,-0.742298525689621
0.521019615022601,-5.70032623561039,0.257911928775918,3.61897133498802,-0.527796369568122
0.810885027136835,-6.2631885898644,0.266922374525881,4.12996698616391,-0.591052014280578
0.882070448990974,-5.57460405140467,0.243470302030342,3.63335255919137,-0.298286890001056
0.65348608664903,-5.83483584397947,-0.130947865542215,3.79109692583394,-1.3548285994894
0.851767424029941,-6.40759089784851,-0.456864196147708,4.00013909462477,-1.32107623692818
0.993171503739439,-5.86150909859306,0.00893789406708879,4.2781435790883,-1.25322516053024
0.67411205745292,-5.58912284734124,-0.0317336123629753,3.59512582842623,-0.802416912261819
0.539925458192077,-5.51406304296108,0.287711041044666,3.60037033898653,-0.573949696401556
0.907224305673244,-5.74753469429369,0.231079652124845,4.19699508603953,-0.978574335753311
0.602698844911846,-5.96501827104053,-0.0583487011929257,3.73377967226028,-0.887005177705452
0.571240039774533,-5.72449120282947,0.275368383065966,3.84613289199755,-1.20233149794831
0.838663399449402,-5.94939129894909,0.132877096710445,3.81461111829656,-0.504013276829131
0.627448265131444,-5.61448837697586,0.235053723021603,3.74588927951328,-0.709282451781033
0.720581915658235,-5.72823591072924,0.159592568077865,3.77295870901157,-0.672792075039359
0.462383891423678,-5.65728507032302,0.293585480476198,3.58579736154265,-0.477755656263233
0.769607204941252,-5.58685718882843,0.225282394743277,4.11716033260196,-1.03422479156013
0.837057476145494,-6.13746006468089,0.263263514273166,4.02294860082646,-0.304680592514825
0.398899559541804,-6.38796493938739,0.0762636848201943,4.1487489487384,-1.40551066168703
0.474840467671133,-5.72182917011381,0.0565387297681365,3.85769241963721,-1.43957546508167
0.932347774697325,-5.68196665002147,0.248652399158875,3.61276646926621,-1.00277249430747
0.979510694214601,-5.79699987686961,0.23385918067785,3.96342138662804,-0.627150624980528
0.74027417053946,-5.5589115548673,-0.00125139899973611,3.33778835927956,-0.117013967617468
0.647099756062697,-5.92600275931164,0.287062765320587,4.01619069137831,-0.775539254511594
0.510794002853507,-5.97387297565525,0.294228822776494,4.16406622804565,-1.07707204208435
0.918334860981313,-5.64961332981185,-0.041043548234511,3.43037644146923,-0.171492374995334
0.964940075315278,-5.91658765753066,-0.0467006679491863,3.63896899166604,-0.31191428676045
0.598184252459951,-5.61477835101041,-0.0340724779600642,3.41759063659768,-0.880123623764457
0.634629036386762,-5.5357385319416,0.196810475313926,3.91630024491424,-1.00766911849714
0.908968919003276,-5.67101230591845,-0.254118838740979,4.109968697734,-1.41753096502354
0.659807971767169,-5.62950158642909,0.0386221685494368,3.70605977295135,-0.85219690447063
0.919512831392352,-5.85451740334791,-0.255380488561405,3.64320879543974,-1.26961588694364
0.930750197603657,-5.57692948229729,0.282863869137179,3.64057960969497,-0.209215187862018
0.710646487555251,-5.86909632717777,-0.264919009584368,3.86731007069663,-1.58950391822379
0.472269617545504,-5.75192493931948,0.2374299148246,3.61331805926038,-0.647570793833206
0.644786770765443,-5.50130344298864,-0.100663542404883,4.03384752611857,-2.10147246361743
0.914615220330512,-5.76447244718753,0.120992130521297,3.74287447469459,-0.525652197475517
0.651389355026344,-5.51340584869625,-0.0441250233294675,3.24930767097235,-0.172516485714532
0.97923477900647,-5.71304947784254,0.247759539219242,3.74230947376976,-0.306732506296194
0.573693982209435,-5.60266871540831,0.201195727006597,4.16091049732922,-1.49285404533518
0.713262615946234,-5.80268779404437,0.298600081742564,4.08418358171436,-0.967839702654654
0.744697486417622,-5.78662344017821,0.275475515273902,3.78128956849278,-0.986163943615264
0.852244703678676,-5.98966287125355,0.250027069984272,4.10826891588178,-0.780617211863071
0.613452085648303,-5.96635390087424,0.210275056943416,4.19199526072456,-1.16008168408518
0.777981756688007,-5.7573694175092,0.256066554569843,4.1458023861863,-1.01097257324775
0.669581125847683,-5.5301937779057,-0.484176330193927,4.07441595073688,-1.97125489098442
0.859399838611994,-5.5075047008702,0.109576331111944,3.54011175108217,-0.407024354226006
0.473472394499028,-5.65477190851974,-0.464189330495892,3.22424975486668,-1.56486007225747
0.511968224596131,-5.70882616679161,0.111635012265928,3.52798011725666,-0.937080760438462
0.547830959835797,-5.50728570866789,0.298960016464891,3.95779334709272,-1.19028602683813
0.417747061831047,-5.59994110842377,0.0707933932568335,4.02481523552753,-1.72096393562853
0.559951962478561,-5.57322738014462,0.265429451565116,4.23563156330962,-1.49241221055985
0.748971463633255,-5.65840175706861,0.186538634346405,3.69213555242535,-0.531673653241115
0.396111457854331,-5.83228997468553,0.193306783342385,4.03658848965492,-1.26911922343933
0.931130356998095,-6.01364531041468,-0.209711072443275,4.27716494357552,-1.48209292352247
0.854974889474408,-5.71719382416725,0.300378131010662,3.7719917113894,-0.355166700504532
0.842864856879945,-5.51670355046715,0.278289087581622,4.1780875937986,-0.990596071019101
0.705223891579285,-5.61949034484287,0.0896758072986601,4.0121323509244,-1.14993081097258
0.968684187916644,-5.57230892600561,0.254267356739358,3.87017955174562,-0.549018910039864
0.950515542431891,-5.56317504574034,-0.0461314313658437,4.21059779627129,-1.285330226149
0.805520072839837,-5.63230486170853,0.294142214162974,4.06211421669879,-0.848925096278448
0.922692036123573,-5.6150443889971,0.201747279393827,3.55126731124734,-0.21854889749071
0.909066420638656,-5.61000858190938,-0.374432639417342,3.58270089116234,-1.02370489502193
0.603627320546405,-5.54265742610007,0.24906983714636,4.23553069047027,-1.86953893524821
0.911728108917836,-6.04372257547867,-0.392679030766076,3.72901580465121,-0.971739020430445
0.870749485768785,-5.89662004992109,0.279501841544374,3.95613168076079,-0.547222830912714
0.781971205038489,-5.51068519718031,0.247011029521323,3.93476885301558,-0.801370053542915
0.957520197334649,-5.83060209587637,0.0701072527537084,3.94053805852226,-0.80069663040173
0.700313878348859,-5.88508827762849,-0.180514939117387,3.51935351352867,-1.39952234723689
0.756357612852514,-5.52985660245056,0.236715168979234,3.54229320393518,-0.299562321072782
0.481574274036974,-5.51416156456602,0.246663107089502,3.4153990562792,-0.226181214458144
0.804150993885136,-5.65655455245123,0.276626588568663,3.60682713274978,-0.899106983720584
0.844333569312198,-5.62786888625377,0.296939319943268,3.60171045954664,-0.191873897508843
0.730425135904759,-5.54224947171377,0.232255041296052,4.1031037325232,-1.05455737005603
0.806937520904704,-5.54880475939587,0.206604999690819,3.81499613549265,-0.677050819817301
0.782297236315598,-6.10869364830347,0.188310490067322,4.0962164642106,-0.949172789427591
0.762288006154357,-5.66218748819936,0.258363075278703,3.60732284310464,-0.871072807517165
0.727798180686665,-5.91824595113575,0.171833517704671,3.77674317488837,-0.35745471845582
0.412156089831945,-6.57053428789643,-0.0518199856232716,4.27884018867057,-1.34894322041296
0.973934613970475,-5.9297432304011,-0.366979651312976,4.25618419797427,-1.64966432234596
0.987174579390311,-5.75912631853065,-0.12782695096793,3.73286061026618,-0.795601731678976
0.877661478875109,-5.72306891962664,0.182711716285651,3.61791427079343,-0.216382792333692
0.897258493142187,-5.53782445243843,0.289392715067558,3.58276287032862,-0.154204489029907
0.699844719929085,-5.65987872606719,-0.138760435342079,3.91649011698331,-1.26236139374585
0.58908129112195,-6.00522547094907,0.0780769684958308,3.78987908394063,-0.624935844494977
0.736962849099343,-6.04686623595578,0.225338775050277,4.14836771558492,-1.31307401554858
0.530431683582658,-5.66606897097994,-0.0604199591285066,3.87779278240286,-1.31087955040358
0.765915216662849,-6.06199032229497,0.21109479443224,4.21422474742992,-0.997526643480242
0.781213733777863,-5.57404703120283,0.127742974179308,4.1335525454808,-1.15445644607904
0.712476064997772,-5.50234202917537,0.0973317660255738,3.85829169644609,-0.963072484048911
0.391760000050093,-5.86885924743894,0.218580688723822,4.01721432729312,-1.19981495965286
0.742840558918309,-5.7290362735788,0.12598321010833,3.63508772774444,-0.721336156428957
0.508486514174265,-5.5405682183276,0.257212779038028,3.44651814377355,-0.179038730425587
0.678408067320046,-5.59338673208622,0.0289425795943318,3.39067018777452,-0.216299249252952
0.62084346645565,-5.92053971179667,-0.0410776839999096,3.69658202897781,-0.785331390069726
0.896259504362664,-5.5548355866744,0.268714085036934,4.10077917948753,-0.865834949368039
0.620574557200373,-5.70180224332521,0.233033823829097,3.59987441145991,-0.243755018298537
0.403360332666095,-5.74851197537044,0.241213067634955,4.01894851253077,-1.33523555360668
0.630171660690273,-5.79806673410006,0.166863845177477,3.75890982447533,-0.87640053072477
0.837424013991986,-5.55925429243535,0.226776125954495,3.47868315345219,-0.0639047047208315
0.972268658019445,-6.04548962122907,-0.428459886488436,3.83172457999559,-2.06085469406657
0.88863380927131,-5.90274680932147,0.235799855993668,4.10946689316625,-0.858570203226702
0.614108464613132,-5.92423567320495,-0.493050839411965,3.53959286619411,-1.03869812480422
0.721628115542099,-6.08002832279741,0.173666314620864,3.92315177602786,-0.451593456672294
0.537413485816415,-5.66943651253445,0.157690188306116,4.00455442834612,-1.29834968312876
0.528143573388865,-5.69809659534558,-0.192322551778008,3.76234126730959,-1.48240028681421
0.540151855637239,-5.7177025197259,0.180527099199094,3.58869897896918,-0.828874194296925
0.476607514147847,-5.59679125005454,0.229587187330484,4.00087996049985,-1.46221644826468
0.787552549619539,-5.54924287715317,0.125557453921092,3.49920559426007,-0.38553776270244
0.424190134551533,-5.71081500226535,0.182307564458325,4.11178812573891,-1.52734284600901
0.876385898223311,-5.59092758090705,-0.417569795465481,4.00277360775359,-1.532661053594
0.466981111882268,-5.56353227486517,-0.0173125640321992,3.97729219456734,-1.5643352343554
0.513544497742466,-5.99312479087503,0.0918119935776125,4.10737932151928,-1.22334944218681
0.977378958837393,-5.62728726677916,-0.371627968934456,3.59189733114537,-0.974163450852479
0.821444346862412,-5.90633007453376,0.202146945040223,4.12797565730982,-0.975356855893773
0.77984162730188,-5.52268010651495,0.220350264599515,4.17937239174958,-1.10871049153568
0.617781390535186,-5.50447441760112,0.0353564722266252,4.07310200617628,-1.39724893173649
0.498330638093704,-6.02892514133767,0.24502271580173,4.27316125840004,-1.24911963254029
0.446203764100899,-5.53158894854019,0.117908073585007,3.59026640780213,-0.96230665936551
0.674029742274123,-5.63990378663681,0.26451244341449,3.56170567927073,-0.137968178279588
0.5441114305724,-5.52621224234559,0.205750967346938,3.67175491423191,-0.814902902285762
0.939816029339992,-5.58677752588926,-0.00281285838416087,3.63995306362376,-0.597220979419521
0.70423966499296,-5.84474522515008,0.154879795135545,3.79952818293378,-0.799585988300949
0.870745333260716,-5.7996576060898,-0.252411397164554,4.26320640721896,-1.59101228383773
0.595931005539412,-5.78388639067121,-0.243077486297751,3.8984907469755,-1.6933257010259
0.736580681251662,-5.63919023821548,0.243752108348516,4.03822895560694,-0.948704532692318
0.787949248217986,-5.75962772813351,0.114641557453682,4.03422082730541,-1.04110353417329
0.642266414143081,-6.08314802289742,-0.0304656204628704,3.86383392608505,-0.97907939470667
0.721678519728072,-5.5511162116718,0.227657601801667,4.18472159663781,-1.15794149917299
0.931091149497475,-6.09702159825796,-0.146338851492219,4.01182521801312,-1.4014643609606
0.605017448363293,-5.78338821778593,-0.0166845442660007,4.01876113606849,-1.29899902867834
0.879950154067695,-5.58528086838523,0.185923611429162,4.09160567086538,-0.956383978635223
0.9389254545058,-5.56494891520762,0.282413028789234,4.09512057580407,-0.80972208297142
0.503607004906458,-5.81532541275598,0.225183931905396,4.20678228152622,-1.42588083559069
0.633479274233725,-5.85442668531733,0.253150425384247,3.77446406685062,-0.509417587010457
0.739823819029065,-5.53288759237103,0.253591266074741,3.48653509211949,-0.253675670698388
0.701114924046379,-5.67618069609939,0.111235464995321,3.47198965056586,-0.156720924539099
0.398932888441141,-5.70043386786297,-0.0884946260659443,4.16983993498786,-1.88045738554811
0.991500234889921,-5.92387774169978,0.0102914197908914,3.76028029712942,-0.629606012587776
0.704153406288398,-5.50020227216745,-0.0896286322422355,3.28074769022183,-0.378061369886705
0.986010029007435,-5.52173730261351,0.28366904979907,3.59566825152514,-0.131242659562577
0.726083903259075,-6.55107434152607,-0.0999982715484102,4.29026632964157,-1.27155706159944
0.903742786892057,-5.6161800017522,-0.367290311857623,3.20001395752119,-0.773271869799732
0.78836339621352,-5.58546216804644,-0.2519537806698,3.90061899949808,-1.29973770399872
0.618648793353411,-5.85879383779755,0.183958819384238,3.74450812769339,-0.649314834931117
0.616488255150783,-5.58597417265108,0.270063966798743,3.93749101290728,-0.976968332466865
0.755514368319524,-5.83630088163326,0.19714096320146,3.74108491673272,-0.509619942212072
0.491204171552671,-5.63933632896882,-0.156709565813555,3.32590943953899,-0.680771949086182
0.989917106031494,-5.61467336312597,0.0335808038351012,3.78668081454683,-0.693981951565125
0.777262095040154,-5.64219510897654,-0.558546481662855,3.38810604994967,-1.36329090133432
0.900813772201327,-5.62832950484832,0.156040194406069,3.93546298026602,-0.789796027292539
0.900085397969487,-5.58516462102572,0.116089748251876,4.03361340808288,-0.954760258163529
0.74036764739892,-6.09182980743163,-0.566823926962659,3.6455184963797,-1.38550901073735
0.503820657217833,-5.7786168923234,0.232934204893233,4.08739769265798,-1.27973652263804
0.954962720917359,-5.64065776073073,0.0251275714014821,4.00557887724718,-0.979203568938067
0.569036067597085,-5.57258206508695,0.257176374359769,3.55607883713311,-0.779201800079953
0.424668480701969,-5.61591022494188,0.23675051232675,3.67455082619595,-0.953799819413635
0.867510263456682,-5.80720649589138,0.267583840049554,4.06468721246174,-0.811311979743933
0.814742635113076,-6.02844051910223,0.206935069183543,3.90964972410647,-0.390480300658779
0.995198015097443,-6.22132826474793,0.174068578926188,4.08445016280707,-0.464651153379492
0.771565109282419,-5.69935450680695,0.0670516385315,4.18781184820429,-1.29324794977565
0.821499897381274,-5.65611875761127,0.274796206070032,4.29585198967484,-1.12339284364051
0.936128089855331,-5.82853847741755,0.177990537851419,3.78685424958711,-0.49878416701587
0.684775240386091,-5.54507427589234,-0.0971600215429896,3.47272848535665,-0.769015286220108
0.970072686303369,-5.50161200387226,0.228700849238745,4.23777193513963,-1.01090397421081
0.89002037448018,-5.83983060369763,-0.174290221681429,3.93362977398598,-1.78225686937319
0.796593170770651,-5.65105367138627,0.241791962360056,4.25889337937195,-1.13995417622831
0.549803625211912,-5.51658837883295,0.152532223301014,4.29041196155931,-1.80620037013791
0.627225961600201,-5.67013443993806,0.247808098112648,4.16486553442348,-1.27060216318876
0.525731231760922,-5.79697230662075,0.24767815718971,3.81213271119002,-0.943332310048511
0.981541839283056,-6.34832374373338,0.280902602729077,4.22889395963556,-0.439405709153599
0.735518427323856,-5.94510860491043,0.174156562781518,3.80897364187758,-0.405082345516638
0.501330194883189,-5.77243782231473,0.173001245151107,4.00002891017675,-1.19790368094106
0.857689687369094,-5.51053967968555,-0.35419526857771,3.85024186075184,-1.31089726530204
0.705864919868284,-5.6001633081368,0.0862310091981338,3.40178602754266,-0.0669154593324013
0.702717496702858,-5.95881455217577,0.0374735843699271,4.13633967152495,-1.62926744465953
0.638858598189196,-5.54818433083856,0.0348807510512533,3.34666118950828,-0.201525781177892
0.979677237314397,-5.72188538334101,0.230586465304616,3.90692357824982,-0.579772782749593
0.54870053850091,-5.85498049299664,0.0312454341803781,4.08569148242475,-1.33614092451088
0.840365428643424,-5.67598987822824,0.15944967967644,3.92065617982938,-0.813827174376169
0.801388488152296,-6.09461892317895,0.24521650186914,4.25373842795698,-0.965610337291248
0.817826409512183,-5.69992283288686,0.103508567147027,3.84922042841053,-0.799144605866502
0.674002828477891,-5.58592051683509,0.126195422150126,3.48662114556882,-0.63336909099113
0.577536364330079,-5.93189873864284,-0.0014858548908209,3.69817838984178,-1.25461564465889
0.547491500510198,-5.97830703823492,-0.165754403332193,4.20783211820367,-1.7592008771568
0.856887225695767,-6.05479886040448,0.256326542519682,3.95852871722091,-0.306433695406049
0.870720640327497,-5.51510906672896,0.216297405018032,3.449113053354,-0.111749966016323
0.727535817281819,-5.56648254673402,0.0742998606666741,4.07022809777475,-1.20366103717044
0.727934450155347,-5.65044365996789,0.213407926030955,3.62681182884632,-0.459438657613479
0.993265943657254,-6.09670873120339,-0.472577329353934,3.64631412659626,-1.31435560700795
0.553793216703304,-5.52818764992908,0.139021412326322,4.25249888042786,-1.70065886539721
0.654755966671701,-5.96659053612537,-0.00371299572775866,3.7122976616546,-0.591544338988939
0.427148633124003,-5.51313689728176,0.121298798462197,3.75018032032579,-1.33333141883201
0.641641270690887,-5.62659078748951,0.172919263771966,4.29763763065619,-1.44480101184038
0.893167402104658,-5.50729050346675,-0.185393309863172,3.86651165082907,-1.11303526866865
0.636313003025762,-5.84493119380563,0.251938803420897,3.96725963191712,-0.833795149219224
0.912812351489254,-5.55862328223609,-0.0352809161248284,3.73031179898329,-0.774800635220937
0.830910149509445,-5.54514673533327,0.0775193768033689,3.57589945798064,-0.507091834220459
0.790905288266413,-5.77788437904244,-0.228366987944809,3.81972703790946,-1.16870889361696
0.867762503499778,-5.56664999032546,0.225304818320053,3.81688478798665,-0.598460705566548
0.80890461814334,-5.81019397279171,0.214808181117724,4.27870751187019,-1.18295363261479
0.625804316277017,-5.51117365904083,0.111779907701416,3.4141134028568,-0.731510981826858
0.978825364161175,-5.57518664355318,0.108833629559153,3.66594446834464,-0.465418335426495
0.73494693234876,-5.6260408556151,0.293527736571171,3.61455944923965,-0.347004376269211
0.578526293250906,-5.89972149351552,0.0176408523888385,3.69425555780696,-0.742843979517626
0.803784372016505,-6.00404797918753,-0.0543285706958988,3.95623355322694,-1.09559635594216
0.724714108731935,-5.70177621226726,0.27899556077388,3.85608160752937,-0.665145571281644
0.923079347514056,-5.51000784673788,-0.383330347200963,3.63274397351327,-1.066410486879
0.887186752009054,-5.97960501238843,-0.0371440519061649,3.76702426883825,-0.59356860691117
0.725929948070419,-5.63121693651633,0.290473667868257,3.84945127919545,-0.678958777899456
0.896679136246152,-5.89859737064007,0.202332684021079,4.25483946043158,-1.09464268920586
0.765909721998254,-5.8592847202312,-0.13555565142482,3.58622904590421,-0.526601962159805
0.942808115337254,-5.74323160832852,-0.208322759036712,3.62960123033294,-0.857943332633903
0.577536487784185,-5.52193164261548,0.237339739181388,4.08492116905903,-1.22835396002924
0.734838949850755,-5.7183258345727,0.299294915205395,3.69627449199249,-0.464654295987371
0.451284918593921,-5.86164279229247,0.122361146573448,3.68221960375074,-0.750084910011614
0.652623459396242,-5.68368934154424,0.243760821739796,4.08984602928423,-1.1470784382391
0.818315251059318,-5.78495022642442,-0.203545218695378,3.56026438623738,-0.981204131414568
0.900674957477532,-5.91888155263866,-0.135148276094852,3.63858151714259,-0.443402986273053
0.980106325053114,-5.81005342962603,-0.33363187060003,4.16863213782136,-1.5100954858471
0.946953665716099,-6.27894454699608,0.259276400172767,4.1293199608152,-0.721550625855949
0.47010840932161,-5.54496245450263,0.190189667497075,3.39533205433866,-0.704036376566129
0.769680945898338,-5.70634280996056,0.148397583309224,3.86435459507291,-0.80515688061659
0.609995961346737,-6.20123646206863,-0.133028744712156,3.92988906774275,-1.08919527605829
0.901786196027327,-5.9841785530173,0.169651541969349,3.9261686469982,-0.766813461682745
0.710799580503149,-5.99813853475732,0.102873733469088,3.96117706411511,-1.04698700248925
0.821911791340468,-5.53730384566371,-0.0640042758199503,4.27142700851928,-1.47264490796672
0.484643189574721,-5.6538610765188,0.231412698690329,3.53431712874554,-0.307351377132505
0.742073890123717,-5.61297108190995,0.247792120021796,3.94466869385464,-0.833298555373833
0.66230245246166,-5.52861993427385,0.136314729292129,4.21093438623166,-1.35867411036291
0.621296800275505,-5.58699431204198,0.200069513427291,4.14335089009588,-1.27279810509204
0.981618576405531,-5.73628785489168,0.281618405337792,3.71862533728883,-0.23769513175156
0.818063072041736,-5.72166005967628,0.157807449430567,4.24849404956781,-1.20344730952612
0.7923937857432,-5.57163501835098,0.239586009419762,3.77122754840369,-0.588057085939877
0.754925430220532,-5.80155884810654,-0.123936283004418,3.92597744793878,-1.1685811461319
0.935102565813995,-5.51647560379972,0.0642805400104013,3.74727780324376,-0.669485170271108
0.658038570738627,-5.85622550176209,0.28949987940601,3.76648751184377,-0.193660128359697
0.848821757233606,-5.50878150717313,-0.100437279879909,3.26340684607463,-0.111771140657992
0.98497119288472,-5.71445393207886,0.125409717973753,4.07775655166438,-0.915429986833917
0.630026945141031,-5.62637398669924,0.292893215081414,3.58188808798651,-0.404813841621196
0.713243927531859,-5.5095597543516,0.103646237768861,3.61655456563505,-0.653924840487246
0.849715898155068,-6.04358457368361,0.299949052907034,4.1315750757978,-0.696977077188255
0.785634429543681,-5.62056728628322,-0.145212241499736,4.19869151956231,-1.50426707064038
0.987515079870104,-5.62645142519049,0.166096965625752,4.02089149301078,-0.812174041593705
0.757059361547733,-5.60795331235053,0.183249115630438,3.66872244264539,-0.526361596816519
0.567655877114496,-6.16026730244726,0.288959809050118,4.2493465178454,-1.00617820681053
0.788389136028978,-5.57863929175891,0.000230040984185337,4.12599226439713,-1.28247821440542
0.667430038816009,-6.07077210535298,0.272335926967705,3.97082338146207,-0.421978258270111
0.648001445418116,-5.76042357752429,0.276523391439952,3.99036819457025,-0.933717993699153
0.57383141887135,-5.58839848709031,0.231203082351563,4.27132057844971,-1.56937524172198
0.769010309760638,-5.60314403151263,0.203487113589651,3.74037132470046,-0.604716099595031
0.591143029055269,-5.81250848435273,0.126578093851027,4.18817173104866,-1.7257288204212
0.968600056755657,-5.75272681490603,0.272646903841664,3.61474869661359,-0.0911055430797338
0.753977530886937,-5.50036145068516,0.111546530424604,3.96539868401658,-1.02132479499035
0.799796105765756,-5.59196011522343,0.298736143387765,3.95610684537798,-0.729314520296413
0.635037746972344,-5.55291536749419,-0.505053905421565,3.8081167396825,-1.97045803699481
0.641866908545907,-5.64250298293353,0.142193637762547,4.14936637309061,-1.34139231992441
0.871466498928547,-5.7871345357094,0.27872068031097,4.04738255369652,-0.773112047350552
0.891173996383152,-5.64852790652192,0.278988947987234,4.14648541905514,-0.894230907103643
0.699995526918599,-5.68849806600007,-0.26567471001746,3.58845060140714,-1.20047277585582
0.844276854382453,-5.6212906578511,0.179900477550377,3.5537428772153,-0.336743192112218
0.864192673041052,-5.72960998956028,-0.411473207409483,3.93351299469121,-1.47015547582983
0.944022312168397,-6.0598309313807,0.206536773972653,3.9896485582463,-0.775222061432979
0.897790167287065,-5.61163414970271,0.134953510665762,3.9273012535925,-0.810873943227648
0.707147887287647,-5.57784509631824,0.292718763740743,4.06861116456536,-0.96216331531834
0.901508456011022,-5.91649395860994,0.00129833528927381,3.96223205311748,-0.912656278179231
0.53421384809673,-5.6833091306118,-0.124173794394497,3.36819357724795,-0.77394461012698
0.717950940419539,-5.57576341170413,0.0921269347389199,3.3544481757061,-0.127858551202582
0.929314000265482,-5.57100743248444,0.243055133844091,3.56281950247512,-0.160669664962347
0.809940518840259,-5.70252969995594,0.164473073866803,3.50859435124978,-1.06611288769294
0.523683146359464,-5.60875525814076,-0.101555051207316,3.66166728292223,-1.15141763965533
0.777783223635345,-5.787241582599,0.113386031443136,4.08651541770581,-1.11126191436032
0.905646904695718,-5.72731551313853,-0.0865926341961036,4.19299463967725,-1.33318372125283
0.979915373055631,-5.56789004218025,0.046394506703146,4.05697545523162,-0.999935925027564
0.31863219061715,-5.76290107461017,-0.416357481487549,3.40869948424077,-1.29759938061679
0.850390809600881,-5.62431903116531,4.17222387804667e-06,3.9906512938826,-1.07608476667577
0.692688986292058,-6.10047065463807,0.293379454057709,4.20529178738652,-0.877972366188634
0.975537582898522,-5.98772537154797,-0.207689738915558,4.2453586463538,-2.04941782020747
0.662823421894369,-5.51946975155945,-0.371435494252753,3.57987419344224,-1.26970664929632
0.43000637715591,-5.61070079853263,0.155065399130506,4.03848099949578,-1.59003481553311
0.789320870288047,-5.63122197299949,0.194858617893004,4.21246485483594,-1.15084064056554
0.460965741311858,-5.79921799089429,-0.157046058326913,4.09704139885887,-1.7609068620313
0.702902076788683,-5.56341018646695,0.18412279183373,3.77452195305507,-1.43753566857993
0.634686829476405,-5.75179101807326,-0.0330638516117007,4.09507183190422,-1.40039810855743
0.849870228563775,-6.27367180935472,0.247942108909559,4.14676385286948,-0.450237665519458
0.858346561401071,-5.56197544649138,0.28746239046335,3.65388349276282,-0.291025503473221
0.810090797875638,-6.04627036182412,0.197525056915997,3.91682187026309,-0.383117479431741
0.57917497830663,-5.59647162365441,0.201943055803909,3.76648218744303,-0.867860977821605
0.668263634584141,-5.50175970947231,0.12278897130901,4.11880325121003,-1.26949230938001
0.554379827978627,-6.21845383753332,0.171527749837191,4.05255403340582,-0.792551748179963
0.647375675255208,-5.64529047262894,0.029732709077425,3.73519477476675,-0.90736036971788
0.470163202145264,-5.54821930851672,0.285985475951843,3.81038185750885,-1.22894209130266
0.947221478879785,-5.61981458683567,0.166998492726266,3.82556780809852,-0.608930968800195
0.620035427425788,-5.51763891898348,0.205853789706239,3.45290504802559,-0.570434640516742
0.750140376707213,-5.75785707572462,-0.551819323138246,4.15129621871031,-2.1516235051738
0.95172098027587,-5.87593600070511,0.131949414480242,3.73869056821368,-0.294704184042765
0.580136894328903,-5.52915778857564,0.262570834168062,4.28992947155738,-1.80583268891978
0.65265653566623,-6.2764969507847,0.25985713468363,4.14755367680603,-0.692360396628214
0.755067877917242,-5.92034213821794,0.250748697225402,4.00035374116912,-0.725428974917679
0.795923348950803,-6.13907468544602,0.14377533120736,4.17630085378724,-0.967386443563521
0.695191430774292,-5.67484164520726,0.0469832545866794,3.58494346612899,-0.748557074724612
0.984210323188073,-5.51485971495186,0.224592421643214,3.74842852686819,-0.436875212050257
0.774585910197103,-5.89482677900168,0.293575459542967,3.84776932050819,-0.444022762260588
0.942982917167701,-5.63663654997223,-0.0532987302821718,3.86068110047287,-0.910988684931909
0.480568830804454,-5.56729655230724,0.0757148291583276,3.8451517281465,-1.30357106947703
0.808885456589716,-5.81247029879662,0.0642162691631091,3.68717353041733,-0.912234389400976
0.728941786177155,-5.65372302113942,-0.00225948422497017,4.04192643054726,-1.24835461836592
0.638257257896559,-5.77061080739213,0.261811156153179,4.14016423052587,-1.20512264218032
0.325039050183787,-5.68673453325343,-0.68508906583961,3.22917428769305,-2.8810439101099
0.831879353566028,-5.71183841657676,0.237063162095014,4.22864927242072,-1.07271886616234
0.704803366338644,-5.61022104866086,-0.626614257791864,3.13068249872087,-2.01202479794633
0.647375998096873,-6.27520013437023,0.20289609686621,4.10195162595649,-1.06464533196409
0.58857689713623,-5.61574972462718,0.278644414250695,3.67362464995243,-0.554668276297516
0.929886209219494,-5.6613015302479,-0.503199284608724,3.78336229600459,-1.38513942813981
0.881153161583839,-6.17315140871793,0.241920137517746,4.06248812838682,-0.380910658951173
0.673634325069809,-5.68499565282541,0.100350735108419,3.46566557589548,-0.312598401799487
0.499180529663218,-5.52962303369288,-0.201781283990597,3.2167846735213,-0.544633244931689
0.763113459923111,-5.75066766668348,0.08316618241779,3.63466333126801,-0.816160422096437
0.436205277466755,-5.96660365678677,0.0253224281848867,4.1796746022268,-1.53500424670646
0.896154725993537,-5.70896419220681,-0.536221252279842,3.27934158414389,-0.737501729154979
0.582875002041905,-5.59586391525446,0.223928110027,4.03544078124577,-1.26510488649164
0.712934805620909,-5.51055922988436,0.0590504043988759,3.43918557122087,-0.496838835093766
0.890002065989871,-5.53404468536626,0.212993124664744,3.59251972635539,-1.23863566010606
0.73093844102736,-5.8652017707118,0.056333595287049,3.87806774068354,-0.88335376688983
0.837653338573645,-5.66467264121566,-0.0508731225842963,3.41491072529868,-0.155045924615341
0.743021279290856,-5.61208483335754,0.0605825852059398,3.36209191594961,-0.41825251421944
0.3966509306516,-5.91904473551045,0.198325462396382,4.08525724615999,-1.26731723633791
0.628212168482382,-5.93544450815759,-0.0951927689077876,4.0783968093453,-1.36725761747256
0.592643351726934,-5.8543052759305,0.0811236041245969,3.68958742725591,-0.845745757431747
0.740853537487113,-5.53410601164306,-0.45713648829696,3.62310874933187,-1.33733773897142
0.922793083250328,-5.8223423083292,0.241734192166632,4.11989158166142,-0.860338450009903
0.742433278510739,-5.76821812885021,-0.383880115956171,3.46515822267546,-0.87613311021683
0.649537513264315,-5.55719073687344,0.187325501719897,3.92280601542099,-1.00638523628498
0.987652320316076,-5.72856081026761,-0.468061508032157,3.68918019114949,-1.21118097113321
0.658876775352724,-5.85318965309062,-0.0581382364525531,3.60173610918469,-0.535544969935269
0.934131895816548,-5.71196280153211,0.0713270478762525,3.96545080468086,-0.888208060348631
0.637776849490532,-5.53999563722068,-0.312395869890241,4.21423408000304,-1.85569989994017
0.747850112019602,-5.7940183363525,-0.123352704100969,4.01808602678849,-1.28196355673481
0.49676199378431,-5.50977481257573,-0.137599265461441,3.86181082324457,-1.84775226766617
0.598946375608578,-5.74320089517389,0.0936012436637511,3.53858098464436,-0.330068944216037
0.595545638269706,-5.65199574452811,-0.263753217572735,3.96365227428805,-1.96146207389812
0.975820564223137,-5.98060047729306,-0.147902814381951,3.73959176921848,-0.678309626681024
0.746545682638265,-5.75833304227197,-0.0147616312042432,3.79340945875457,-0.897414641208911
0.42878415172389,-5.66326792383778,0.146042059343638,4.2304096624764,-1.76434716096101
0.878094915244625,-5.6259221724982,0.0527562531969569,3.60918307854921,-0.51758915620503
0.693399404506215,-5.96510742169831,-0.370445379910185,3.68405379530891,-1.41981479952169
0.570987390627522,-5.63796609101918,0.0967618190469212,3.46408705207987,-0.946786758687084
0.433269597179304,-5.56913340237869,-0.0661973205355617,4.26214640359657,-1.96344513509274
0.777707841738993,-5.5264542224907,0.000859416836530112,3.70488774979952,-0.823186186719097
0.553646294178409,-5.64085529914743,0.136559393998582,3.50394853546402,-0.539003365021009
0.770817152531417,-5.75587590029514,-0.152067089190492,3.64482184943933,-0.99737098226371
0.830379830408282,-5.64670130741275,0.188514670880841,4.27057549129302,-1.18400804967267
0.456941807933776,-5.54643029832585,-0.0448824073547601,3.31299893691038,-0.605092148005365
0.919843693723141,-5.72685172950326,0.0730486289582233,4.19980889342658,-1.16112273361301
0.679256266281587,-5.73322633602695,0.0843380162671125,3.79249105325509,-0.83679655566135
0.93726822752802,-5.79622565272808,0.172677310872719,3.68690373153046,-0.255262902942374
0.926299699211519,-5.50997634926708,-0.123101485256512,4.24728922805969,-1.42306572130321
0.557157952550321,-5.81584603969087,0.2485108967705,4.19912138308499,-1.34896340650634
0.744699266277205,-5.80278886625292,-0.137386637224881,3.80755074909492,-1.07432602802138
0.955262506674967,-6.03630584963729,0.224817690343949,3.86016630992359,-0.87748182126976
0.596779959774083,-5.85220503788888,0.0413731209296314,4.09882157672037,-1.30863483062652
0.798700919369589,-5.56368461872953,0.118230478497445,4.08799251052339,-1.10017141906654
0.47066271978937,-6.00151212807721,0.070116586346952,4.24800433617406,-1.45084721980301
0.689638551973183,-5.71694869323912,0.016014577924291,3.8550972697839,-1.00917593544244
0.910001931173578,-5.77855917130642,0.206258460963484,3.63705339892758,-1.15141281048018
0.880183137231775,-5.81315405616796,0.00117173124094456,3.69781161475477,-1.18496548085077
0.931391117260849,-5.59009322492446,0.264009470053324,4.19523484649395,-0.946134261374722
0.709457304596401,-5.71892904337259,0.00603231857283715,3.91756541247561,-1.08566608834976
0.943141991283375,-5.58659263468249,0.180726022749689,3.5802782377015,-0.261854550395051
0.821157587770138,-5.63453260120838,0.184899426064052,3.78911899917596,-0.638217158064055
0.638425701387647,-5.6806495959849,0.203684116376201,3.57491731618246,-0.328791980999402
0.729055395373093,-5.8366437489683,-0.034255336854375,3.95484716981475,-1.10373870512266
0.813747233641268,-5.66473259358231,0.209453332913501,3.63388737403709,-0.390097318918462
0.865455761496217,-6.06887343281532,-0.178809402889775,3.83510618213707,-1.12656894083754
0.975389398262903,-5.6152352900101,-0.282805500918215,3.57730916709803,-0.845376822666943
0.970163913779022,-5.53836871955334,-0.00674251075044768,3.36234251628309,-0.16970141921122
0.468630194154876,-5.62292698066814,0.0462989080035235,3.86066853629559,-1.30254362865945
0.419129606523975,-5.75323549417726,0.216837351229249,4.08881051312031,-1.48379541279485
0.860144527418885,-5.73609832701075,0.208254805298175,4.27311523622868,-1.13021827414229
0.790545237758652,-5.96680942144751,0.231127194117711,4.20318767456467,-1.03444034566104
0.859493055184972,-5.54158117108691,0.147749207317119,3.44667495808689,-0.23106731385028
0.956647173588886,-5.66627939122113,0.237142943967855,3.50163836794341,-0.255696114917652
0.500968444229124,-5.69594464929994,0.0834482340860041,3.74604245781053,-1.27440958949687
0.710904399938577,-5.87855181758253,0.047199193258294,4.19159884012444,-1.32325589203713
0.726866188372438,-5.8164879891487,0.24099904403986,3.80479389577297,-0.618542279807512
0.536212273427219,-5.65170393577275,-0.148520716408912,3.32808000807112,-0.758804505305014
0.998287502837248,-5.58931017492135,-0.502697598118617,4.09515772945065,-1.64707226576353
0.936565962824886,-6.02239725906795,0.219195605035298,4.14358344816589,-0.802748002598865
0.522829766539524,-5.58727707428532,0.221333624247247,3.94600222820411,-1.28025573635204
0.771679711958709,-5.7839011443005,0.149860865961555,3.58953089530842,-0.23080649241523
0.744870739621429,-5.50650000984695,-0.295688266367534,3.26450695006824,-0.796697411945714
0.85805246200904,-5.74975433940941,-0.1068102595224,3.99344755240751,-1.16287271088245
0.705157271240897,-5.72047017622186,0.238894781726123,3.95736924735391,-0.895283415227882
0.751981008079055,-5.79056602349589,0.271450494477861,3.96981661322629,-0.774790228460178
0.793059624959653,-5.97188023701416,0.16854286428465,3.94891683056802,-0.787096401527004
0.738130704052093,-5.63473612455625,-0.0306507775446691,3.37756723676476,-0.181745158809064
0.823685924840618,-5.61161244763041,0.0543314498644203,4.00998155007719,-1.06209821693795
0.5315763979624,-5.90321101501926,0.238601430345916,3.77378321549259,-0.952741001590407
0.992061843896882,-5.89970881767903,0.250531241488956,3.99176884988041,-0.568916485530483
0.798093538127451,-5.63915433953314,0.28301875193121,3.88823420029418,-0.658463062616025
0.736322861272304,-5.91116022614725,0.24597244148814,3.91869872599409,-0.683952872095805
0.665821637596387,-5.69146607138761,0.230483882866968,3.60893595882654,-0.83205808660579
0.926159010741179,-6.32977814294101,0.196314449838398,4.21671524084312,-0.756252177488675
0.583590023823305,-5.51239510777175,0.169784363000762,3.33232223213725,-0.183638084570744
0.439422789372877,-5.56899905181661,0.142793651851944,3.39319753929007,-0.41537693629771
0.837552118338098,-5.5597123565938,0.282676071416039,4.20680200849339,-1.01742388631319
0.797195195541703,-6.26244347247692,-0.133808620213542,3.97481389780733,-0.858003760488695
0.978377277026875,-5.82973353376331,0.170501046733406,3.77723791813801,-1.14775692311665
0.650850337592111,-5.76776499126815,0.0726004525966938,4.22303468656805,-1.45564713960154
0.598712040440174,-5.79117304230212,0.0291474938995086,3.5839197868742,-0.510208268727134
0.995169198372645,-5.86078452328082,0.189413576178088,3.86587165155144,-0.494094989355395
0.881973212611605,-6.2084439300793,0.0863867732295166,4.19957711724523,-1.31459215640239
0.759489956840546,-5.71185127293306,0.249019432401693,3.74877837799835,-0.4820147679448
0.80171839975548,-5.66657670481118,-0.047110050834103,3.7905470511842,-0.921868846617752
0.832977266349499,-5.84777095215931,0.217743117250809,3.68763323492901,-0.192108488878986
0.665348442098316,-5.55298991776866,0.169444187098552,4.10957541274472,-1.20653058573706
0.934982086033793,-5.6173667944432,-0.0858718982242788,3.35065429030849,-0.0526617260927564
0.988274251723781,-5.7074641441525,0.267765782826178,3.76240386565076,-0.30390883205669
0.587023235418679,-5.50161966632543,0.210038610494542,3.98905084653284,-1.14629355136818
0.750936244765007,-5.7332473836488,-0.027676891634542,4.19973922505887,-1.41571643339631
0.619692806648562,-5.88909422883982,-0.0480478350241611,4.0403918172403,-1.28690416655386
0.499375577583554,-5.81440043463908,0.105425847937658,3.63982730400195,-0.664054629813092
0.624663556035845,-5.73285544381749,0.0346992235249847,4.02534804338369,-1.27494993358122
0.731105329381921,-5.55933481053689,0.286765770743177,4.20343913951093,-1.10448869247694
0.858651034661881,-5.83893048491903,0.208858882285383,4.29761806279586,-1.16173974070161
0.582332701652096,-5.57447267123194,0.273972041803482,3.85227945555524,-0.95342126512711
0.613564862535618,-5.69855875720309,0.0844758016877411,3.54512693758197,-0.856956611379481
0.647482371810728,-5.62147104730961,-0.463672218725485,3.24302680337354,-0.686584690461824
0.738157792810751,-5.53033247024599,-0.00110530437713927,3.30034350108376,-0.0609550673540182
0.790804397807604,-5.66802499389315,0.133014219015473,3.62228440923071,-0.501739597403041
0.669901307039487,-5.53688429396214,0.284801422701832,3.91118650409114,-0.836057830277082
0.868846285452233,-5.6702636395269,0.254194554739294,4.26914199211895,-1.07573684459206
0.59434848686952,-5.86500390573142,-0.216570117641783,4.00988157092916,-1.726869942505
0.938851792708768,-5.69318669363775,0.282417907860542,3.65255456277791,-0.151684253952749
0.432446129591225,-5.59166512366548,-0.0267783252095826,3.74810843357212,-1.47245951555697
0.625852437999743,-5.58655770057061,0.262510134814101,3.84377506507273,-0.861807523549763
0.780530785424714,-5.86574025129266,-0.55576868365225,4.18810352391989,-2.20145489480471
0.50293688824634,-5.60071189110736,0.215022358690424,3.47638130323547,-0.246044562153663
0.718519176795635,-5.70212501602011,0.0528971738647227,3.65445893043075,-0.708097508147135
0.605610970618904,-5.92883806073127,0.0361206742935206,3.91270703344363,-1.12630409998788
0.732605009442441,-5.5659965297285,-0.154011189135185,3.85546052048297,-1.19888468331516
0.542825898018473,-5.50100293923844,0.180746076273824,3.88515536273228,-1.24005423385967
0.712367559789775,-6.03750039847422,0.0497999634137137,4.09073067900888,-1.43850715840194
0.859424601350015,-6.42545609167687,0.183426652951062,4.29936909193507,-0.899166868027781
0.881827329623012,-5.64518705898281,-0.04681965388925,3.35304540231444,-0.237730883962049
0.937411317561038,-5.51177261266493,0.0432670923625004,4.12515314607715,-1.11224629919427
0.826370948691295,-5.98581056393061,0.233205933092141,3.96874327878959,-0.727633331938562
0.891538425931174,-5.56006707073425,0.122318759617394,3.48156135497501,-0.287238218082415
0.693633501080395,-6.20091502659548,0.121806572689295,4.04653602311939,-1.011794488368
0.811517790203868,-5.91862703729545,0.267206653228278,3.82811180718665,-0.189140266027355
0.831555647043426,-5.51847051995305,0.10378473340367,4.23559619878408,-1.24894301146263
0.666574222882832,-6.09364198102678,0.172573201752606,3.9325532811632,-1.21222851127951
0.963468360678254,-5.51884777881052,-0.0174111994687026,3.69339732845281,-0.680066995358858
0.505993280083071,-5.78728755322832,0.225385667466028,3.64536354096782,-0.434841551859807
0.718467605955979,-5.50847744985031,0.255666586693286,4.27312786167646,-1.23444790415258
0.584699468647889,-5.543715471891,-0.0648101291982924,3.90826462107746,-1.34421109621484
0.458126236914221,-5.59898592353197,0.0542770778846808,4.10938528425668,-1.67786703013282
0.982481822168182,-5.50863785340261,0.159957771588198,4.28034711792754,-1.12022467279387
0.676901246717428,-5.89886841851722,0.192756346140896,4.00554369563082,-0.894159915485389
0.670309036277436,-5.68578939846576,0.124217046229883,3.95537573098707,-1.07467665724422
0.771845136911767,-5.76663342209563,0.0280954899048311,3.70684189212348,-0.750876892603007
0.872042810914745,-6.25869236920184,0.0927050382701158,4.27876546515514,-1.08500150633778
0.781434277434592,-5.88135842936118,-0.00545754402775594,3.81274036635386,-0.918019626981483
0.750263506192235,-5.51144414670256,0.241848909373389,4.06764348541914,-0.990443521777288
0.681346590612338,-5.85326147124491,0.0864265103418252,4.11007668530078,-1.21565001571193
0.935203293953766,-5.77532490416957,-0.639205365988944,4.06480384261386,-1.92336592716859
0.505181361640482,-5.7711251279373,0.185156322706591,3.63263310735668,-0.480033351903155
0.97204070128906,-5.51063384175612,0.0620262670777461,3.54188492764956,-0.387648658208404
0.561319488272329,-5.67876428282828,0.269664912599883,3.70113356475547,-0.634894631180121
0.823898117071289,-5.73142789848461,0.0138861103215008,3.54452253101315,-1.17447548493403
0.957014742116118,-5.65282942240979,0.0559620987679871,4.11977868988447,-1.06805881257985
0.664461433554639,-5.58200695624037,-0.436904662955997,3.51049274451645,-1.46541803298191
0.807436278451804,-5.75127556627188,0.248355421801383,4.09010561730562,-0.927227109146855
0.516844390507857,-5.77538626077529,0.272051023456588,3.68817448878356,-0.768231430938785
0.82549214377518,-5.60398447800327,-0.573731340560532,4.26595929840671,-2.15053822927313
0.829446546737456,-5.51657813819314,-0.543126822615969,3.28928180337712,-1.06379292872552
0.57459741345964,-5.51768741778204,0.273004584247381,3.70044844105937,-0.743884097367083
0.930719598827341,-5.55538804221375,-0.502101858604721,3.14346552569068,-0.455436123255372
0.913271289514334,-5.86900557284779,-0.323181953471874,3.73508764795673,-1.23928703339189
0.740365772865483,-5.78808162437751,0.252030506436571,3.72997031878233,-0.841571150367818
0.718731724776374,-5.57484778477095,-0.0282283080070089,3.28046284152338,-0.848406870861909
0.506156782968854,-5.52979245114488,0.160237276591514,3.50166866184742,-0.809873032743602
0.732883472404631,-5.73120412080437,-0.068158760102709,3.53843088954365,-1.01911156820595
0.691872193770939,-5.59307710282302,0.0753415619813739,4.22542026430274,-1.41228694886788
0.494965932195613,-5.65262200131529,0.165483611673549,3.50567705240799,-0.387898771662076
0.754428660014902,-5.61033303491814,0.287048285575082,3.64939598133769,-0.336486828737907
0.953477490175147,-5.52424980822841,0.21937542943696,4.28461466113701,-1.08196931421333
0.787955958360669,-5.56520020820757,-0.0116426605341805,4.29301618357284,-1.47199300288945
0.453569183422779,-5.51070029525316,0.286435781527954,3.56601918031601,-0.866436834789659
0.900242344270317,-5.58204317215043,0.00182198430114059,3.52721643076984,-0.483397454057849
0.957472124652215,-6.10124945415063,0.219401354022379,3.96536452170509,-0.214051598352236
0.974511734170182,-5.50338729389974,0.15933296125612,3.46189393772211,-0.142012192515617
0.581557493052852,-5.55214422886109,0.15634906543731,3.79886907360481,-1.00656781372098
0.405448107461357,-5.7214313161306,0.261348359556443,3.94495209041734,-1.25145737427937
0.829853435354979,-5.69264725815602,-0.00609233884939744,4.12968690347633,-1.24929334017314
0.792478250938026,-5.98404369112396,-0.0138099115771967,3.70881517666152,-0.588604932609273
0.678241153863804,-6.00988768072464,0.154217960271743,4.00947662689453,-0.935863946894681
0.844343597610213,-5.7303274944218,-0.0377824234050644,3.62369488033345,-0.723363659635576
0.932928227927508,-6.09959468468542,0.060362173697796,4.28934368794733,-1.16329324592115
0.716588185182217,-5.75184265797232,-0.0639563614187686,3.99259052027773,-1.23105703331225
0.445407658572592,-5.66627536665782,0.220339317728823,3.70802010602012,-1.01023015037549
0.951058582202865,-5.88015051342149,0.171374081023535,4.01808686995687,-0.765236376948796
0.469902366657266,-5.80515138923294,0.236170798429926,4.24357146636721,-1.51158177800667
0.777172729174403,-5.94729097518023,0.0505968591977584,3.7079744662148,-0.440289122973062
0.858092775851316,-5.88479674951693,0.163882763300859,3.89412071859534,-0.652542039988955
0.943048171145141,-5.89728489989468,0.280573230261686,3.75941266985104,-0.414895952860821
0.901869780872807,-5.88778504730851,-0.0346615219278897,3.65181192934408,-0.342487124781611
0.785386786997677,-6.10836786473918,0.0296256836171336,3.88776553504831,-0.568924134784126
0.526170926170828,-5.52852240176919,0.203491106090025,3.71113109701878,-0.921428845632509
0.566739464708362,-5.79020327280234,0.255998232529725,3.79679420481148,-0.78739552140568
0.814626711151266,-5.8580851724308,-0.252107370617441,4.12201755737465,-1.47931764641571
0.465380509462015,-5.51093538288478,0.199080187273273,3.37673949571295,-0.234346699391178
0.569262991535257,-5.56597712851278,0.257739740116121,4.23320159864538,-1.55028327457921
0.884456625897622,-5.73176615330055,0.165142702896351,3.70334615273918,-1.17883621246157
0.747422242253788,-5.96936451600498,-0.227346758899032,3.63871634253158,-0.701009080759338
0.70415619303944,-5.52870980578381,0.177519102881373,3.53458580547226,-0.428792358204242
0.61835249697776,-5.76307674533196,-0.269100089029464,3.84557230290992,-1.4678162270292
0.521721567774119,-5.91530027827779,0.284152043166653,3.82987886715947,-0.826551747048143
0.909554476408331,-5.70448987690873,0.264230690932792,3.64682894738606,-0.151813625952633
0.75260086132037,-5.90163598774861,0.206691719491817,4.00928957830448,-0.822315033110248
0.617367506729458,-5.65991485352824,-0.260089391583043,3.64361966922183,-1.28654694552942
0.622482272846152,-5.80989078521877,-0.0110488459868013,4.06964279455215,-1.7558798952001
0.932639142028839,-5.84267106514955,0.14574412853572,4.2261472131286,-1.09379847091648
0.584495693063724,-5.53596076445539,0.271494321055158,3.41306143238717,-0.681475484752225
0.740423378732349,-5.60616551653407,0.0733453198972044,3.57306510391134,-0.570817465653335
0.926548181760737,-5.89193780542099,0.163719668264014,3.73233433842449,-0.0924998991452183
0.575789333280016,-5.55251904144338,-0.377553684897737,4.00895414339106,-1.86713226033958
0.635419969124133,-5.5766764069224,0.295150280470646,3.81356815299293,-0.761347243102132
0.631365749782303,-5.74450459018724,0.294114799436521,4.02916017786101,-1.01939989456702
0.884823018945503,-6.33344331903205,-0.1318581722466,4.027597105737,-0.864191636228677
0.477553037582077,-5.64191016671041,-0.0585478805596958,3.8055193373862,-1.30474220983378
0.83909914287764,-5.70541871812563,-0.458713934454021,3.33164693019177,-0.582552451085454
0.953595350564369,-5.79272088805641,0.0990820316165447,3.67475089716779,-0.485639972152248
0.768541535966468,-5.53452254377113,0.149523956542146,4.01478006998981,-1.01463533291583
0.893106811196889,-5.52789754795469,0.267793157399336,4.13979355072847,-0.916951382786581
0.461073834759993,-5.5886404896603,0.0454068175102647,4.10879426593863,-1.68682625452502
0.494586751560381,-5.61376704955461,0.279513885619878,3.65775599109975,-0.68317477366592
0.507122424241237,-5.60860939470014,0.224611817486889,3.45960708062132,-0.424770822894459
0.830444280323567,-6.0145472405505,0.241901973399337,3.87571645727661,-0.25279450802512
0.602496272915526,-5.63716153608315,0.156334046546242,4.26398041690118,-1.54794221161943
0.848245994044168,-6.05129337317788,0.0991254670703072,3.83487586583608,-0.424990224145675
0.94854183684942,-5.60114223268415,-0.0934750637172556,3.66585554239603,-0.72973963240466
0.971163371826137,-5.53309728892409,0.250817856148162,3.59437274284622,-0.184163809719235
0.923815681125552,-5.55255194480645,0.0811015006543484,3.81921505796587,-0.73691440375017
0.963177063667385,-5.55276059269095,-0.150158221723282,3.20788555038359,-0.354375372923067
0.815176591551944,-5.69813200664999,-0.462544978644067,3.34479725662732,-0.640677797368359
0.626432408466586,-5.78806030827893,0.260523517272718,3.66382831467513,-0.212984284224333
0.525115616407323,-5.66957700575299,0.155000483422201,4.01114648630109,-1.32657144292314
0.571104136056925,-5.80909066871317,-0.185276891717949,4.1724603600979,-1.67887658445
0.755114407019732,-5.5042905907826,0.22559224812346,3.55760165269676,-0.356635214013584
0.554007734744887,-5.76626698526204,-0.0711410508776078,3.53660874143516,-0.804247750398522
0.731668082731317,-5.57615915391349,0.129097374350512,3.6729664197746,-0.651295842420565
0.681573334287992,-5.56312177334541,0.206424112924029,3.63723353322202,-1.22113917040558
0.651126719447499,-5.56995784174373,0.164505664990656,4.29101666137874,-1.42371637733441
0.718498024677637,-5.59506839842697,0.111753069590312,3.47227079317549,-0.463581560479819
0.752586676839042,-5.50059950155578,0.266134096111709,4.0942900399933,-0.993429742849557
0.990169780410493,-5.62699930423415,0.151117789814436,4.18033259142556,-1.00665421774336
0.584767114511227,-5.54983265907263,0.241896419527239,4.0060286979782,-1.13995668264861
0.484098889388565,-5.74660054277625,0.22796957162327,3.60336850514645,-0.759362765522935
0.878745090647594,-5.76997718201918,0.00763084670030393,4.27046644791542,-1.34268897590218
0.965772049950433,-5.69092729619507,0.0993992518263291,4.08507770834512,-0.970621517489911
0.879538262049624,-5.85459289715159,-0.350128354699437,3.51117284851851,-0.600862474587507
0.924761813848122,-5.54207576177887,0.111582358197172,3.30516611499318,-0.503843587658724
0.975822468005259,-6.50185731776812,0.0299811058643652,4.23799950836306,-0.960417916336908
0.694501125862992,-5.55868532147473,0.279001658361089,3.62184512050872,-0.397037833034535
0.980355147492197,-5.51180330713987,0.105821108315767,3.43289775895781,-0.18087180338494
0.514297025464915,-6.14087973706148,0.244061086259723,4.01987991767469,-0.737918862488275
0.665336789949743,-5.56855116099806,-0.260026778175276,3.49925099717882,-1.06094070675124
0.867439126346227,-5.56756535105654,0.257483131635395,3.74067398414003,-0.456305400185034
0.892620710596521,-5.93423512819877,0.289133236552222,3.82177008595361,-0.0794490616189163
0.668783514482845,-5.7448735116635,0.279666541454676,3.91696223303211,-0.787829217957172
0.715552435946942,-5.50889153940473,0.178521186689773,4.26934287823655,-1.31366803784724
0.867233569457152,-5.57383443373822,-0.140100024897202,3.43840364941297,-0.63045950992001
0.815384369810639,-5.84168645235209,0.208943464383032,3.79849090231812,-1.01371741560549
0.865095355940749,-5.60732104677634,0.245529373378605,3.53637014043748,-0.0730720056114337
0.874427345482898,-5.55324377341371,-0.049517295693101,3.80218916687894,-0.905596057865899
0.923576362801806,-5.61191826212481,-0.0111209514007659,4.14135940153362,-1.19295785035057
0.611923462417156,-5.55372395523976,0.231672841427818,4.07212565043743,-1.16387710482534
0.543107317005899,-5.65492797012132,0.267374328882403,4.00563451469522,-1.2212105182836
0.951795195255387,-5.84097793468135,0.0420947141257061,4.09437254162251,-1.03695097586429
0.646226841863944,-5.50871573026645,0.212162403963111,3.77137242541353,-0.806085236536674
0.634095856340106,-6.46398049346355,0.147994544939078,4.28965395025745,-1.01375494675762
0.71404502336125,-5.89258648626831,0.292908517581347,3.83900571476329,-0.448749592050036
0.559410695063825,-5.61876913259423,0.297555775787479,4.17473917990876,-1.51605269165414
0.950020680485215,-5.85264131770507,-0.353688352665566,3.69100905014575,-1.21731805766185
0.912651289676615,-5.83086195520712,0.135147754934928,3.64081900820829,-0.069676711805785
0.71904939560549,-5.60149080969114,0.176968644073775,4.18385444610589,-1.21254796801973
0.668684167220075,-5.5542279390352,0.296874421671207,4.07244258524204,-1.0074747578654
0.863301717135758,-5.60935687585343,0.201249904918864,3.74611478211886,-0.529254536854556
0.871484668832767,-5.94261018606229,-0.00165717158374658,3.78086438895088,-0.997869608828239
0.691706522514427,-5.50378976961469,0.224641617510037,3.80102507206039,-0.763995158107126
0.50745067060593,-5.57993852243413,-0.00726166579783243,4.12083257147445,-1.65529577204793
0.925680353945052,-5.72901572886285,-0.466370891958865,4.12568978437541,-1.6953024762599
0.649676848750524,-5.80937271250348,-0.0337513713814791,3.80232503578503,-1.01922496980905
0.834070922108892,-5.56975942913822,0.250427192650399,3.52686533746394,-0.198786223688555
0.48571958630253,-5.55813569005301,0.245159958953217,3.91745139890291,-1.37430622443127
0.613726224219193,-5.67017885232114,0.205684379715574,3.70835909189017,-0.65163648739834
0.725107376105557,-5.80333231307306,-0.17839849544843,3.49993030367913,-0.506915364189338
0.975103848590837,-5.73012678224965,0.0849744050521357,4.16382074241505,-1.06472448758582
0.874159357222972,-5.59206937644478,-0.0827989659225094,4.29958227066805,-1.47514168135121
0.709149509881901,-5.85262576334909,0.167364027030189,3.83364592370418,-0.740189748776341
0.995447665092164,-5.97385199986017,0.112808969050431,3.99330659240013,-0.72240343793659
0.647360693917678,-5.50518461353768,0.276341524497975,4.17943833408379,-1.18656777075107
0.571978803991684,-5.55463303600916,-0.11532681730076,3.66403413321333,-1.11620467615096
0.75093825550954,-5.66133658351017,0.127004565116468,3.44160157389951,-0.870760933936929
0.645353645789183,-5.78784484313513,0.153184163865428,4.0130073905377,-1.0858234294701
0.76071246372287,-5.73474027341018,0.200415071395261,3.71166720141313,-0.528976305514581
0.618302932736215,-5.81049798676203,0.22264447257643,4.07746729032689,-1.12222865508814
0.757471299310039,-6.00332095090143,-0.506144130155919,3.64161651669039,-1.05090377821849
0.522217052121913,-5.89229163863341,0.293247648187278,3.81537368345218,-0.526520313202109
0.76073676261978,-5.92192676591121,0.230477451830979,3.95733448824702,-0.693704752654047
0.892377070972981,-5.62699316740024,0.145889146579443,4.27634720826287,-1.18894255645928
0.551447867899773,-5.6404756426426,0.233893323804193,3.62931529408537,-0.875995884494923
0.471975563952896,-5.5152640914653,0.202214057839483,3.79680250116635,-1.26113361863702
0.63121594014988,-5.62076861196959,0.205037858976197,4.17984996363965,-1.29565536777165
0.693724003467419,-5.66884476812045,0.29296370484259,4.21698415068783,-1.12835355327468
0.872362997130515,-6.04477573504858,0.248831920956159,4.28550105878777,-1.02557792761759
0.906841743332054,-5.86539279663354,0.106585725029928,3.95170055504298,-0.785152228810928
0.550243092746554,-5.50060105257982,0.00955620385162868,3.51880184760581,-0.836434525479578
0.937212526163671,-5.91491790347133,0.141119628610832,3.92049945383007,-0.651912910094659
0.825934156507858,-5.93596936366564,0.260881096318997,4.27558175677168,-1.11682063599569
0.412190404938004,-5.71397177730776,-0.147382667052842,3.41811175924039,-1.12706146479567
0.554118748222261,-5.632708498888,0.142312417353145,3.43451530846609,-0.498263666085407
0.734729310870184,-5.5179562835765,-0.465300680303653,3.62750139377483,-1.35816214459187
0.622587423388057,-5.66184071068288,-0.129763986559398,3.72420249961575,-1.57033488309395
0.842189048268634,-5.75746096427231,0.246774114018311,3.79372842463321,-0.459113263795223
0.58452286145145,-5.76666118964177,0.0765074569806609,3.74509616762846,-1.17076343274389
0.758458478898683,-5.57396087640161,0.179687796894417,4.21118598294096,-1.20126638851578
0.833089675486229,-5.63187249974958,0.222048456995108,3.70643754901686,-0.449977822811365
0.690531754778333,-5.51408673647347,-0.102495741940248,3.23171291645689,-0.180723512914577
0.725013509532922,-5.82166094515613,0.0614709255188959,4.07229276521953,-1.1717887938097
0.529293931008741,-5.52651054274361,0.18147740576528,3.84668068469901,-1.51052839564306
0.734464915270915,-5.61093790880255,0.0679606016671642,3.37388914666966,-0.217812998957464
0.84484272254667,-5.62408478805051,-0.550422910211063,3.86944527703571,-1.62591585742153
0.829857494070681,-5.55897012914141,0.269286067291059,3.50228217064218,-0.0515864913019927
0.967647479666125,-5.72894457159544,0.258399580791004,3.94555992869365,-0.600271743523619
0.44423870792909,-5.61260356552215,0.0612430469716792,4.00066514583574,-1.53779368761327
0.596711550913388,-5.58034664248223,-0.0453349255863795,3.67189226874724,-1.00074560801409
0.575975891155153,-6.14664498132336,0.0753499184415157,3.93414545469366,-0.774138741896514
0.454939981072923,-5.56085907069467,-0.0835703635752739,3.31627184258335,-0.878947542875038
0.525326776411468,-6.08363797879502,0.199971914007099,3.94889831425865,-0.798708835833848
0.771879287013586,-5.77326834722346,0.149562803970736,4.24084148313756,-1.26427233583391
0.705848538210319,-5.53257142214007,0.281004751446001,3.55165488023358,-0.293857545116121
0.570474965777214,-5.51112276203955,0.198957257704513,4.20655057578097,-1.42184260826668
0.748156983268361,-5.81872615801486,0.172605312534482,3.92899347305891,-0.811333241899659
0.939613310163098,-5.68158327590657,0.0696079020880477,3.87404780909209,-0.780772292801493
0.711017930287933,-5.64306921711364,0.257751645592999,3.96270963467604,-0.877615708904301
0.884869354469119,-5.67317247993669,0.000208347343237112,3.83538142379968,-1.65736123268462
0.595849695107017,-5.63547980395998,0.0584963224806596,3.75074845389977,-0.955895680888958
0.480870948756392,-5.62148778424184,-0.118548250374133,3.83122122813735,-1.41527644636685
0.995578047559846,-5.66737355669837,0.288153353811635,3.63517078068674,-0.0951011854529419
0.934195575859571,-5.61403648553036,-0.0242504815025309,4.29590104783792,-1.36222580012282
0.815106763151777,-5.75211963108888,0.212387439713021,4.18398725034658,-1.06906897796797
0.997690637240692,-6.01961964212934,0.292768732551345,4.05922723541507,-0.533276165499445
0.813887387631746,-5.61905293077846,-0.116121735904948,3.60729467916988,-0.790962783564005
0.562071215030788,-5.60553552199886,0.0864921630582752,4.08904524834318,-1.47205272682898
0.442052706637385,-5.54394142197907,-0.0424180750790428,3.91456432579036,-1.77224590726185
0.620844795130952,-5.6641886112558,0.245496045530419,4.08376571904943,-1.6061748885733
0.489043680635683,-5.57404929834369,0.0886489703962551,3.39344274672234,-0.401596970140276
0.983599522638994,-6.19775912617496,0.296348636357712,4.13232473894464,-0.383047937918522
0.864374655072637,-5.51728852260564,-0.133454571802835,4.07190612514394,-1.29952491974577
0.569666246218483,-5.56668515024973,-0.104696896575611,3.32311539304648,-0.514437477292329
0.682215349427895,-5.71678337389094,0.253897202713198,4.07646751852148,-1.07385597278629
0.441503985913018,-5.92570540356113,0.151994711222,4.16372189057276,-1.33948708321006
0.955810494235589,-5.76400545550428,0.0827779016165532,3.8974970945992,-0.757451992392467
0.681356034170356,-5.77989133993933,0.291232556740091,3.68814318788251,-0.0776823468702906
0.75233420594334,-5.66758275666818,0.141946883654296,4.0460719428842,-1.07103357682833
0.643403186972658,-5.56346367567349,0.262363435816757,4.23841778233787,-1.85282992123477
0.794625537768221,-5.82246229115324,0.246731227648607,3.75786438329863,-0.921684625218121
0.997567356851115,-5.62232283097244,-0.172093151354181,3.83894629456654,-0.980053397812007
0.554478338880177,-5.68304070024644,0.212013153947116,4.16685732012212,-1.47373612224002
0.752171137299776,-5.56172567201642,0.100139941061759,3.60085941858073,-0.57130419223806
0.790242666021434,-6.00302718062418,0.176921459322665,3.87743615084128,-0.478963102995291
0.887576844667669,-5.55887683751476,0.169092629613427,4.24062514914767,-1.13553365827052
0.458919667751096,-5.62455477209285,0.259944510746745,3.50935764717252,-0.304032755166783
0.990772155883982,-5.70210693051458,0.138195424086194,3.48916186382022,-0.112399744204787
0.654388977761653,-5.77039495721304,-0.0694514497724066,4.15230156639669,-1.47267720318952
0.897398913801324,-5.80076503848906,0.0224901244779942,3.59924464045732,-0.25490375463345
0.496492020422456,-5.63814932603436,0.105398190814813,3.63465741724781,-1.09370705238037
0.690847597683224,-5.70630086956014,0.113795181437327,3.6264138498891,-0.755786325821936
0.977382808498084,-5.84052467222191,0.0832647502706141,3.62009142393752,-0.0971975441263053
0.463936610043767,-5.55819269549634,0.251169110512644,3.62279181507621,-0.765307364004242
0.949532689083212,-5.67594685540483,-0.300910889360822,3.58622818351367,-0.911349142461095
0.906686595372227,-5.57167521322328,-0.64607791354582,4.08503738348226,-1.95584543546247
0.629627515443136,-5.63877074926997,0.26300825579905,3.92377305968006,-0.957369154552961
0.923216961043091,-5.62444085727947,-0.398211678717169,3.33366501039478,-0.633244057174455
0.59079151704635,-5.51153603381484,0.169609780980111,3.37436254579339,-0.114021955522943
0.71369388890584,-5.50825664914609,0.131509494591667,4.22944569398571,-1.32430450530198
0.917172829650983,-5.50227671253732,0.0875692894289289,3.37828806771145,-0.172009860992171
0.589371871455881,-5.74973599902883,0.245278807469324,3.87413027065842,-0.824044406678007
0.457034654126794,-5.61966006884693,0.217215586250725,3.76105330904681,-0.99087905465858
0.874827796725984,-5.55621003732785,0.236557492439623,3.80369812188456,-0.563993391111442
0.737160041765639,-5.61488050206614,0.0835116497747337,3.5215379059437,-0.574244206130681
0.899278258866596,-5.75331802150654,0.183347560886544,3.97425720925723,-0.784956273664312
0.404448215297895,-5.70191061874522,-0.0403939956407271,4.20478132345263,-1.94496120158153
0.435781216181067,-5.52380452756645,0.290276391827854,3.65457620030541,-0.96831682504899
0.892035255609143,-5.63913613662368,0.0607368916712614,4.23761579391348,-1.24130336455936
0.769842642102728,-5.74625630266661,0.0373066150750597,3.59557906035716,-0.698574462838038
0.696570892136522,-5.93095002371168,0.299120812558888,3.97446923087524,-0.676438028797427
0.735587130541807,-5.68957520669258,-0.0211760647861175,3.51774007269985,-0.76501779177788
0.838569098289643,-5.5366609554668,0.0812953572938806,3.41620298474755,-1.02744734242402
0.606658603255339,-5.91684374393947,0.0271841473111271,3.69928643163447,-0.58658377669488
0.973235436133151,-5.57501714313329,-0.0766449198897256,3.4366078780931,-0.45094048169941
0.853954627339406,-5.54772446164689,-0.194635204319969,3.97397581552122,-1.26513992278675
0.574845281894922,-5.62677794511986,0.243723950260263,3.48790996783367,-0.228777869154836
0.537478504708906,-5.76710728861974,0.207396724867121,3.80883695148748,-0.818894865080694
0.662078229187209,-5.73605250441714,0.28900083831717,3.94424916102759,-0.844270211623749
0.752897043151091,-5.99213144410176,-0.0559366594390441,4.29457765932223,-1.90404591595519
0.668494474339907,-5.521706836031,-0.0985392993380296,4.24318076625795,-1.63367720215339
0.565908452423537,-5.86382778808546,0.243384892995349,3.7416115941266,-0.348363908911975
0.61581734684519,-5.99960212084514,0.233849513647219,3.85388723736231,-0.530496309641018
0.855102315291061,-5.6471123499711,0.0207933823192363,3.3824272472066,-0.229350253790403
0.922787515803857,-5.54426193802494,0.0176253034784155,4.21170692481205,-1.24063897623854
0.724071293463116,-5.58487091130329,0.258410756938674,3.82260339469188,-0.697912049951443
0.568336301505415,-5.54082153223723,-0.276818345446574,4.13985829390433,-1.82596614938994
0.548274956639759,-5.58254034851307,0.223300440080841,4.11049254346769,-1.5093185141487
0.857368173100573,-5.80042151949444,-0.317982785377122,4.06668946405863,-1.47893178861232
0.485904023633623,-5.50235552840072,0.178918309583589,3.69883599050495,-1.04415471643399
0.95431969678984,-5.54846326550549,0.18023829453854,3.35062542159944,-0.230910179419213
0.438031700177431,-5.57112631370837,0.152079535446488,3.60956150039367,-1.05402176524122
0.842136399725348,-5.87168799528128,0.18400045251867,3.77103951362965,-0.459830022461509
0.833086085772252,-5.72860541713961,-0.00185411774944492,4.16829920969019,-1.28195445046789
0.899097414775175,-5.94418768655187,0.137675488749783,3.79859151859118,-0.33317498708286
0.884647139264512,-5.85889471737356,0.0952302066596906,4.19737212865184,-1.15636504012877
0.802371230430857,-5.65281212538476,-0.102169712977602,3.89259879122149,-1.107899529235
